year,statefips,countyfips,DS_PM_pred
2017,1,1,9.624306849315068
2017,10,1,7.657334931506849
2017,11,1,9.019774255758782
2017,12,1,7.846296281800391
2017,13,1,8.73701095890411
2017,16,1,9.069452704899002
2017,17,1,8.650472754946728
2017,18,1,8.638106066536204
2017,19,1,7.642146118721461
2017,20,1,7.876466301369863
2017,21,1,8.181592954990215
2017,22,1,8.5096100456621
2017,23,1,7.357992367906066
2017,24,1,7.42885122096486
2017,25,1,5.6562021037182
2017,26,1,6.211958356164384
2017,27,1,5.261604566210046
2017,28,1,8.297806697108067
2017,29,1,7.920047358121331
2017,30,1,7.415898630136986
2017,31,1,7.017195129375951
2017,32,1,5.92252133072407
2017,33,1,5.53941296803653
2017,34,1,7.331043557673218
2017,35,1,6.660288459127943
2017,36,1,6.776375525114155
2017,37,1,8.29627595129376
2017,38,1,5.29573698630137
2017,39,1,8.191687214611872
2017,4,1,4.829905993150685
2017,40,1,8.943569315068493
2017,41,1,7.473924200913242
2017,42,1,8.366207385348422
2017,44,1,6.209929514321295
2017,45,1,8.604683561643836
2017,47,1,8.353899086757991
2017,48,1,8.99553399750934
2017,49,1,4.724427397260274
2017,5,1,8.493568835616438
2017,50,1,5.597902739726027
2017,51,1,6.917208219178082
2017,53,1,10.652488219178082
2017,54,1,7.266715753424658
2017,55,1,6.342718982387476
2017,56,1,4.628254794520548
2017,6,1,10.596632770167428
2017,8,1,8.631532495410253
2017,9,1,6.936310684931507
2017,1,101,9.813053192834563
2017,12,101,8.405898221222654
2017,13,101,8.187646575342466
2017,17,101,9.011986849315068
2017,18,101,8.456559817351598
2017,19,101,7.964507534246575
2017,20,101,5.755301369863014
2017,21,101,9.098015193026152
2017,22,101,8.174656506849315
2017,26,101,5.938376560121766
2017,27,101,5.967549771689498
2017,28,101,9.133405479452055
2017,29,101,7.32600304414003
2017,30,101,7.113992694063927
2017,31,101,5.709558904109589
2017,36,101,6.08877296803653
2017,37,101,8.48187495890411
2017,38,101,5.626465331928346
2017,39,101,8.616834398782344
2017,40,101,9.332742294520548
2017,42,101,9.434226598173516
2017,46,101,5.713691780821918
2017,47,101,7.614806849315068
2017,48,101,6.868865753424658
2017,5,101,7.947624657534247
2017,51,101,7.726154109589041
2017,54,101,6.757453881278539
2017,55,101,7.616805479452055
2017,6,101,8.826404566210046
2017,8,101,5.629118057285181
2017,1,103,8.89757270421106
2017,12,103,8.196835144846171
2017,13,103,8.588130136986301
2017,17,103,8.380318721461187
2017,18,103,8.578980821917808
2017,19,103,8.07075901826484
2017,20,103,8.263633732876712
2017,21,103,8.437936438356164
2017,22,103,8.544452309652756
2017,26,103,5.442956164383562
2017,27,103,7.124511154598826
2017,28,103,9.147080365296804
2017,29,103,7.987701369863014
2017,30,103,6.579945205479452
2017,31,103,5.243778082191781
2017,36,103,6.550530630477325
2017,37,103,7.265180821917808
2017,38,103,5.998753424657534
2017,39,103,8.960025323954091
2017,40,103,8.195038356164384
2017,42,103,7.271589345509894
2017,46,103,6.215283978558666
2017,47,103,8.262610350076104
2017,48,103,7.345021917808219
2017,5,103,9.328897716894977
2017,51,103,7.224978082191781
2017,54,103,8.155756164383562
2017,55,103,6.786609315068493
2017,6,103,7.775317061021171
2017,8,103,5.565035616438356
2017,1,105,9.020778082191781
2017,12,105,8.427529549902153
2017,13,105,8.667479452054794
2017,17,105,8.491699726027397
2017,18,105,7.781923641184269
2017,19,105,7.779348493150685
2017,20,105,6.78014794520548
2017,21,105,8.642871232876712
2017,22,105,8.536362465753425
2017,26,105,6.088604452054794
2017,27,105,6.389123287671233
2017,28,105,9.282842808219178
2017,29,105,7.912835616438356
2017,30,105,5.898824657534247
2017,31,105,5.196956164383562
2017,36,105,6.630423173515982
2017,37,105,8.335907060063224
2017,38,105,5.56285988258317
2017,39,105,8.430208219178082
2017,40,105,8.60423904109589
2017,42,105,6.836425205479452
2017,46,105,5.288890410958904
2017,47,105,8.14510794520548
2017,48,105,7.514684931506849
2017,5,105,9.030577168949772
2017,51,105,7.922323744292237
2017,54,105,8.22028904109589
2017,55,105,7.89569978370584
2017,6,105,6.73185698630137
2017,8,105,4.630385388127854
2017,1,107,8.924773698630137
2017,12,107,7.65808992747784
2017,13,107,8.977
2017,17,107,9.081457876712329
2017,18,107,8.688948554033486
2017,19,107,7.918280821917808
2017,20,107,7.40725205479452
2017,21,107,8.732103652968036
2017,22,107,8.246318721461187
2017,26,107,6.582891407222914
2017,27,107,6.558886757990868
2017,28,107,8.470076712328767
2017,29,107,7.405376908023483
2017,30,107,6.073964383561644
2017,31,107,6.328736073059361
2017,36,107,6.781224383561644
2017,37,107,7.689537716894977
2017,39,107,8.887049619482496
2017,40,107,8.827373287671233
2017,42,107,8.90454205479452
2017,46,107,5.158038356164384
2017,47,107,8.202914520547945
2017,48,107,7.137992694063927
2017,5,107,8.384775799086758
2017,51,107,8.192057829293994
2017,54,107,8.65677291886196
2017,55,107,5.664609315068493
2017,6,107,14.931426238145416
2017,8,107,5.082710616438356
2017,1,109,9.254997260273973
2017,12,109,7.71389397260274
2017,13,109,8.805963470319635
2017,17,109,8.546043835616438
2017,18,109,8.457833087460485
2017,19,109,7.203175342465753
2017,20,109,5.573208219178082
2017,21,109,8.092904109589041
2017,22,109,8.178150945857795
2017,26,109,5.690878277886497
2017,27,109,7.41116803652968
2017,28,109,8.473876103500761
2017,29,109,8.090057925636008
2017,30,109,5.403679452054794
2017,31,109,8.338465753424658
2017,36,109,6.313795354377606
2017,37,109,8.94279497716895
2017,39,109,8.992427788649706
2017,40,109,8.702025225942136
2017,42,109,8.94112705479452
2017,46,109,6.328221917808219
2017,47,109,8.025737377690802
2017,48,109,6.063520547945206
2017,5,109,8.972877625570776
2017,51,109,7.581348858447489
2017,54,109,7.580748858447489
2017,55,109,6.86773698630137
2017,6,109,8.589591531755915
2017,8,109,4.394791780821918
2017,1,11,9.680398173515982
2017,12,11,8.125582582628164
2017,13,11,8.535159589041096
2017,16,11,7.448109589041096
2017,17,11,8.566685753424658
2017,18,11,8.969172876712329
2017,19,11,7.811903326810176
2017,20,11,7.655820273972603
2017,21,11,8.123152511415525
2017,22,11,8.822836007827789
2017,23,11,6.674735483870968
2017,24,11,7.718245357686454
2017,25,11,5.430107153729072
2017,26,11,6.55830904109589
2017,27,11,6.342843835616438
2017,28,11,8.394404109589041
2017,29,11,7.825721461187215
2017,30,11,6.248915068493151
2017,31,11,6.792793150684932
2017,32,11,4.841254794520548
2017,33,11,4.99599375597324
2017,34,11,7.836241498791297
2017,35,11,5.581846575342466
2017,36,11,6.211914924297044
2017,37,11,6.913044383561644
2017,38,11,5.381365753424658
2017,39,11,8.893665255292653
2017,4,11,5.66587397260274
2017,40,11,7.433345753424658
2017,41,11,6.591544151738672
2017,42,11,9.69069595129376
2017,45,11,8.540324657534247
2017,46,11,5.525225114155251
2017,47,11,8.86329935111752
2017,48,11,6.493665753424658
2017,49,11,8.541403500761035
2017,5,11,8.851728767123288
2017,50,11,5.622259452054794
2017,51,11,7.47694703196347
2017,53,11,8.49223854056902
2017,54,11,8.65966301369863
2017,55,11,6.970701369863014
2017,56,11,5.925239726027397
2017,6,11,7.291788493150685
2017,8,11,5.298484931506849
2017,9,11,5.547115953635406
2017,1,111,9.22806894977169
2017,12,111,7.50482104607721
2017,13,111,7.841881643835616
2017,17,111,8.508981875658588
2017,18,111,8.302415753424658
2017,19,111,8.426875716064757
2017,20,111,8.209261643835616
2017,21,111,9.321758029118554
2017,22,111,9.104966666666667
2017,26,111,7.063580245133381
2017,27,111,6.063589202256245
2017,28,111,8.628974429223744
2017,29,111,8.373760273972603
2017,30,111,7.192769092465753
2017,31,111,5.87618595890411
2017,36,111,6.454264062955407
2017,37,111,7.531773150684932
2017,39,111,8.310510273972603
2017,40,111,9.145648767123288
2017,42,111,8.430516373124592
2017,46,111,5.672728767123288
2017,47,111,8.047394520547945
2017,48,111,5.80452602739726
2017,5,111,8.767115459882583
2017,51,111,7.762193607305936
2017,55,111,6.70740210748156
2017,6,111,9.533311362736559
2017,8,111,4.520539726027397
2017,1,113,10.356432033719705
2017,12,113,8.372924383561644
2017,13,113,9.529356712328767
2017,17,113,8.963598529903107
2017,18,113,8.317397534246575
2017,19,113,8.016205296803653
2017,20,113,7.425591780821918
2017,21,113,8.68526697108067
2017,22,113,8.504144748858448
2017,26,113,6.065379452054794
2017,27,113,6.444460273972603
2017,28,113,8.517282876712329
2017,29,113,8.80012915851272
2017,31,113,5.627717808219178
2017,36,113,6.16543590483057
2017,37,113,7.108538812785388
2017,39,113,9.292549950756558
2017,40,113,8.757180572851806
2017,42,113,7.763649315068493
2017,46,113,5.030824657534247
2017,47,113,7.875817554540842
2017,48,113,9.483656674521584
2017,5,113,8.640071232876712
2017,51,113,7.223565753424658
2017,55,113,5.283299086757991
2017,6,113,9.336942332108253
2017,8,113,4.608016438356164
2017,1,115,9.697518018967334
2017,12,115,7.850802215097639
2017,13,115,9.447233698630137
2017,17,115,9.286279532634972
2017,18,115,8.68497397260274
2017,19,115,8.22362100456621
2017,20,115,7.707456164383562
2017,21,115,8.010289497716895
2017,22,115,8.812138584474886
2017,26,115,8.464767334035827
2017,27,115,5.669502397260274
2017,28,115,9.11731598173516
2017,29,115,7.75078904109589
2017,31,115,5.746983561643836
2017,36,115,6.274979049153908
2017,37,115,7.180447488584475
2017,39,115,8.297786301369863
2017,40,115,8.564408828006088
2017,42,115,7.270261519302615
2017,46,115,5.861388127853881
2017,47,115,8.418951141552511
2017,48,115,7.439493150684932
2017,5,115,9.104171108343711
2017,51,115,7.176539726027397
2017,55,115,5.83112303860523
2017,6,115,8.532110371819961
2017,8,115,5.607882191780822
2017,1,117,10.073669063926941
2017,12,117,8.212015514495062
2017,13,117,9.192322922374429
2017,17,117,8.905969230769231
2017,18,117,8.314102283105023
2017,19,117,7.632878082191781
2017,20,117,8.01373698630137
2017,21,117,9.391379418643502
2017,22,117,8.439243337484433
2017,26,117,7.094937618545838
2017,27,117,5.856661369863014
2017,28,117,8.610228493150685
2017,29,117,7.753632876712329
2017,31,117,5.572249315068493
2017,36,117,6.443165255292653
2017,37,117,7.37506894977169
2017,39,117,8.533051598173516
2017,40,117,8.47704
2017,42,117,6.822666575342466
2017,46,117,4.543887671232877
2017,47,117,8.102182648401826
2017,48,117,6.598146575342466
2017,5,117,8.663939726027397
2017,51,117,7.940702891933029
2017,55,117,6.222923182297155
2017,8,117,4.312246575342466
2017,1,119,9.0059
2017,12,119,8.276377217015141
2017,13,119,8.617049863013699
2017,17,119,9.216637592634179
2017,18,119,8.184589589041096
2017,19,119,6.598653881278539
2017,20,119,6.404675342465753
2017,21,119,7.880309589041096
2017,22,119,9.352291158156912
2017,26,119,6.054587397260274
2017,27,119,6.74836602739726
2017,28,119,8.33472602739726
2017,29,119,8.539709589041096
2017,31,119,7.056246270928463
2017,36,119,7.644420566373856
2017,37,119,9.053502651537421
2017,39,119,8.480742321557318
2017,40,119,8.428192747784045
2017,42,119,8.981401643835616
2017,46,119,4.799257534246575
2017,47,119,7.987565350523771
2017,48,119,9.040098630136986
2017,5,119,9.689217822638789
2017,51,119,7.306987671232877
2017,55,119,5.600804109589041
2017,8,119,4.893956164383562
2017,4,12,6.663086149162862
2017,1,121,9.48690896637609
2017,12,121,7.914115068493151
2017,13,121,9.960271098576417
2017,17,121,9.107717808219178
2017,18,121,8.688762328767123
2017,19,121,7.654984474885845
2017,20,121,7.27390102739726
2017,21,121,8.065676712328767
2017,22,121,9.515513424657534
2017,26,121,7.001017677756034
2017,27,121,6.187715753424658
2017,28,121,9.447053982749873
2017,29,121,7.989031780821918
2017,31,121,7.182009132420091
2017,36,121,6.708551930261519
2017,37,121,6.940980136986301
2017,39,121,8.389355251141552
2017,40,121,8.775210748155954
2017,42,121,8.801755821917808
2017,46,121,4.842869863013699
2017,47,121,8.307093150684932
2017,48,121,9.485414878512149
2017,5,121,9.008708904109589
2017,51,121,7.204965582191781
2017,55,121,6.92842397260274
2017,8,121,5.640264383561644
2017,1,123,9.529232876712329
2017,12,123,7.909209589041096
2017,13,123,8.273910136986301
2017,17,123,8.72202904109589
2017,18,123,8.788301917808219
2017,19,123,7.905828571428571
2017,20,123,6.829186301369863
2017,21,123,8.474132191780822
2017,22,123,8.368623744292237
2017,26,123,6.796855790784558
2017,27,123,7.821707249275072
2017,28,123,9.102440639269406
2017,29,123,8.623351598173516
2017,31,123,5.530742465753425
2017,36,123,6.134683287671233
2017,37,123,7.566304109589041
2017,39,123,8.426163329820864
2017,40,123,8.529191506849315
2017,42,123,7.619241728134879
2017,46,123,4.99488904109589
2017,47,123,7.730981604696673
2017,48,123,8.799815342465753
2017,5,123,8.509439269406393
2017,55,123,6.757732681017612
2017,8,123,8.137002099270592
2017,1,125,9.232915068493151
2017,12,125,7.765039269406393
2017,13,125,9.198928767123288
2017,17,125,8.874550228310502
2017,18,125,8.871376712328767
2017,19,125,7.76842397260274
2017,20,125,8.404520547945206
2017,21,125,8.195167966280295
2017,22,125,8.430730593607306
2017,26,125,8.885388335900138
2017,27,125,6.417290410958904
2017,28,125,8.394006849315068
2017,29,125,7.968955251141552
2017,31,125,7.014578082191781
2017,37,125,7.875687519025875
2017,39,125,8.467931506849315
2017,40,125,8.458130650684932
2017,42,125,9.449902762944045
2017,46,125,6.153032876712329
2017,47,125,8.409225149279944
2017,48,125,6.904402739726027
2017,5,125,9.432374037834312
2017,51,125,7.068790867579909
2017,55,125,5.100615890410959
2017,8,125,5.547275342465753
2017,1,127,9.13810898021309
2017,12,127,7.483128064007758
2017,13,127,7.760824109589041
2017,17,127,9.198653424657534
2017,18,127,8.380660102739726
2017,19,127,7.784938904109589
2017,20,127,8.040165753424658
2017,21,127,8.027489315068493
2017,22,127,8.945852739726027
2017,26,127,6.328280626223092
2017,27,127,6.110592237442922
2017,28,127,8.878581917808219
2017,29,127,8.669431164383562
2017,31,127,8.323653424657534
2017,37,127,8.068028767123288
2017,39,127,8.322672146118722
2017,40,127,8.632576255707763
2017,42,127,7.331829941291585
2017,46,127,6.895042922374429
2017,47,127,8.227801369863014
2017,48,127,8.767395890410959
2017,5,127,8.648308675799087
2017,51,127,7.809750684931507
2017,55,127,7.751998132004981
2017,1,129,8.670392876712329
2017,12,129,8.366551369863014
2017,13,129,9.387781735159817
2017,17,129,8.973079452054794
2017,18,129,9.009592954990215
2017,19,129,8.50873205479452
2017,20,129,5.887523287671233
2017,21,129,7.979221917808219
2017,26,129,6.27192759295499
2017,27,129,6.241146575342466
2017,28,129,9.040656621004566
2017,29,129,7.689680821917808
2017,31,129,6.921115068493151
2017,37,129,6.823532191780822
2017,39,129,8.553906638566912
2017,40,129,6.661542465753425
2017,42,129,10.214645671232877
2017,46,129,5.326793150684932
2017,47,129,7.691101917808219
2017,48,129,6.55751095890411
2017,5,129,8.309567123287671
2017,55,129,5.465797260273973
2017,1,13,8.90140700152207
2017,12,13,8.411668493150685
2017,13,13,9.170624505327245
2017,16,13,6.200428082191781
2017,17,13,8.78607397260274
2017,18,13,7.845471232876712
2017,19,13,7.888801225666907
2017,20,13,8.282473059360731
2017,21,13,8.071068188736682
2017,22,13,9.303070136986301
2017,23,13,5.703215068493151
2017,24,13,8.205181687094448
2017,25,13,6.209013086846655
2017,26,13,5.131672602739726
2017,27,13,7.265932705479452
2017,28,13,8.683217534246575
2017,29,13,7.310318493150685
2017,30,13,7.323169240348692
2017,31,13,5.320009132420091
2017,32,13,5.559048630136986
2017,33,13,5.178213698630137
2017,34,13,8.769883326810176
2017,35,13,6.638434948212496
2017,36,13,7.386678121330724
2017,37,13,7.163604732254047
2017,38,13,5.349827397260274
2017,39,13,8.516027397260274
2017,4,13,8.025990979242687
2017,40,13,8.851282938978829
2017,41,13,7.873540410958904
2017,42,13,8.858219339242546
2017,45,13,7.938145890410959
2017,46,13,6.131721232876712
2017,47,13,7.989702366127024
2017,48,13,8.946121575342466
2017,49,13,6.119242922374429
2017,5,13,9.123013698630137
2017,50,13,5.795668493150685
2017,51,13,8.839669793359647
2017,53,13,9.080427397260274
2017,54,13,7.934798630136986
2017,55,13,5.728073515981735
2017,56,13,4.829021369863014
2017,6,13,11.312038092729189
2017,8,13,7.186099879129734
2017,9,13,6.074463580538498
2017,1,131,8.99658904109589
2017,12,131,8.210380323785803
2017,13,131,10.004389497716895
2017,17,131,8.369029452054794
2017,18,131,8.264965068493151
2017,19,131,7.383327853881278
2017,20,131,8.298945205479452
2017,21,131,7.838827397260274
2017,26,131,5.002084931506849
2017,27,131,7.514103688092729
2017,28,131,8.460301369863014
2017,29,131,7.988895890410959
2017,31,131,8.311399452054794
2017,37,131,7.710024657534247
2017,39,131,8.246233789954338
2017,40,131,9.420051663405088
2017,42,131,7.940528375733855
2017,47,131,8.270726575342466
2017,48,131,8.802586301369863
2017,5,131,9.57275574288725
2017,51,131,6.861333333333333
2017,55,131,6.833218101761252
2017,1,133,8.542034050880626
2017,12,133,8.450085714285714
2017,13,133,9.039411741682975
2017,17,133,8.809577168949772
2017,18,133,8.558066927592955
2017,19,133,7.620177397260274
2017,20,133,8.075146301369863
2017,21,133,7.638431702544031
2017,26,133,6.243829680365297
2017,27,133,6.250790867579909
2017,28,133,8.424595694716243
2017,29,133,9.168286301369863
2017,31,133,8.098109589041096
2017,37,133,7.098865311533363
2017,39,133,9.200037886497065
2017,40,133,8.615940639269406
2017,42,133,9.152959908675799
2017,47,133,7.70313698630137
2017,48,133,7.777038904109589
2017,5,133,9.193467123287671
2017,51,133,7.230687671232877
2017,55,133,7.625111723478815
2017,13,135,9.631203733785913
2017,17,135,8.923167808219178
2017,18,135,8.589684246575342
2017,19,135,7.744460273972603
2017,20,135,5.715886301369863
2017,21,135,8.027974657534247
2017,26,135,6.070360547945206
2017,27,135,6.352929863013699
2017,28,135,8.302260273972603
2017,29,135,7.994974657534247
2017,31,135,5.711402739726027
2017,37,135,8.66080782778865
2017,39,135,8.878392922374429
2017,40,135,9.346766818873668
2017,46,135,6.382488767123288
2017,47,135,7.626516438356164
2017,48,135,7.716560567514677
2017,5,135,8.810582191780822
2017,51,135,7.72215205479452
2017,55,135,6.016023059360731
2017,13,137,7.869194863013699
2017,17,137,8.808229863013699
2017,18,137,8.30843698630137
2017,19,137,7.909071917808219
2017,20,137,5.873446575342466
2017,21,137,8.240172602739726
2017,26,137,6.063235159817352
2017,27,137,4.932411374014114
2017,28,137,8.523013150684932
2017,29,137,8.221663926940639
2017,31,137,6.435756164383562
2017,37,137,6.797153424657534
2017,39,137,8.614529549902153
2017,40,137,7.846385803237858
2017,46,137,5.075320547945206
2017,47,137,7.702764383561644
2017,48,137,7.751071232876712
2017,5,137,8.60264200913242
2017,51,137,7.539728767123288
2017,55,137,6.160635225048924
2017,13,139,8.727988203957382
2017,17,139,9.01191301369863
2017,18,139,8.358471232876712
2017,19,139,8.206535068493151
2017,20,139,8.205186849315068
2017,21,139,9.129275342465753
2017,26,139,7.685157353321272
2017,27,139,7.156191389432485
2017,28,139,8.45223904109589
2017,29,139,8.358272602739726
2017,31,139,6.795905479452055
2017,37,139,6.889499726027397
2017,39,139,8.447300365296804
2017,40,139,6.291864109589041
2017,47,139,7.973915616438356
2017,48,139,9.288198851082634
2017,5,139,9.335306301369863
2017,51,139,7.127011506849315
2017,55,139,6.386850116939526
2017,8,14,8.218378234398782
2017,13,141,9.140823287671233
2017,17,141,8.288493150684932
2017,18,141,8.169410557077626
2017,19,141,6.958884931506849
2017,20,141,6.316361643835616
2017,21,141,8.372335159817352
2017,26,141,6.111226484018265
2017,27,141,6.788672229140722
2017,28,141,8.22416301369863
2017,29,141,7.763596164383562
2017,31,141,7.507854794520548
2017,37,141,6.976936621004566
2017,39,141,8.365582272360999
2017,40,141,7.394961643835616
2017,47,141,7.796182100456621
2017,48,141,7.547639343146431
2017,5,141,8.670244931506849
2017,51,141,7.290615753424658
2017,55,141,6.285633037872683
2017,13,143,9.160489315068493
2017,17,143,9.24674845890411
2017,18,143,8.226806575342466
2017,19,143,6.655439726027397
2017,20,143,7.336983561643836
2017,21,143,8.774487671232877
2017,26,143,6.089060821917808
2017,27,143,6.653937671232877
2017,28,143,8.488381735159817
2017,29,143,9.012333333333333
2017,31,143,7.399272602739726
2017,37,143,6.967838356164384
2017,39,143,8.512074155251142
2017,40,143,9.897760469667319
2017,47,143,8.139407305936073
2017,48,143,8.133031849315068
2017,5,143,8.90154323630137
2017,51,143,7.795105308219178
2017,13,145,9.875893150684932
2017,17,145,9.281179908675799
2017,18,145,8.400639726027397
2017,19,145,7.99354703196347
2017,20,145,6.326593150684932
2017,21,145,9.238656728444803
2017,26,145,7.422163992172211
2017,27,145,6.460414265470005
2017,28,145,8.856936073059361
2017,29,145,8.527799771689498
2017,31,145,5.863108675799087
2017,37,145,8.248106457925636
2017,39,145,8.22709698630137
2017,40,145,9.669933125778331
2017,47,145,8.007424657534247
2017,48,145,9.054255251141552
2017,5,145,8.96744741833509
2017,51,145,7.81133698630137
2017,13,147,8.70345205479452
2017,17,147,8.862888356164384
2017,18,147,9.002038356164384
2017,19,147,7.088551369863014
2017,20,147,6.131239269406393
2017,21,147,7.804617808219178
2017,26,147,8.428267318982388
2017,27,147,7.327296575342466
2017,28,147,8.455992694063927
2017,29,147,8.097189589041096
2017,31,147,8.303714155251142
2017,37,147,7.632836558219178
2017,39,147,8.504698043052838
2017,40,147,8.631489146469968
2017,47,147,8.367364970645793
2017,48,147,8.858241095890411
2017,5,147,8.607609589041096
2017,51,147,7.592766575342466
2017,13,149,9.33001095890411
2017,17,149,8.614805479452055
2017,18,149,8.117805870841487
2017,19,149,7.210514155251142
2017,20,149,8.438110273972603
2017,21,149,8.883509589041096
2017,26,149,7.980755358581789
2017,27,149,6.372364383561644
2017,28,149,8.631344292237443
2017,29,149,8.444299543378995
2017,31,149,5.530764383561644
2017,37,149,8.079203913894325
2017,39,149,8.866851506849315
2017,40,149,7.182337671232877
2017,47,149,8.708665473860777
2017,48,149,8.861985127201566
2017,5,149,8.958835616438356
2017,51,149,7.980414481409002
2017,1,15,9.355566769774635
2017,12,15,7.642364888248017
2017,13,15,9.550958904109589
2017,16,15,6.679243835616438
2017,17,15,8.005230593607306
2017,18,15,8.747311937377691
2017,19,15,7.798800391389432
2017,20,15,7.919296944151739
2017,21,15,9.115641344956413
2017,22,15,9.802393150684932
2017,23,15,6.314553424657534
2017,24,15,8.622780389329488
2017,25,15,5.789803348554034
2017,26,15,7.735601245330012
2017,27,15,6.599502739726027
2017,28,15,8.47913698630137
2017,29,15,7.497916438356164
2017,30,15,6.577753424657534
2017,31,15,5.62492602739726
2017,32,15,4.917772602739726
2017,33,15,5.444114113740141
2017,34,15,8.638949902152642
2017,35,15,6.908295205479452
2017,36,15,6.496282814445828
2017,37,15,7.310963698630137
2017,38,15,6.441058543619322
2017,39,15,8.466911719939117
2017,4,15,5.929188149092068
2017,40,15,7.50300102739726
2017,41,15,7.353540182648402
2017,42,15,7.215291976516634
2017,45,15,8.193607671232877
2017,46,15,5.193112328767123
2017,47,15,8.017007305936073
2017,48,15,8.936217808219178
2017,49,15,5.394685844748858
2017,5,15,8.099253150684932
2017,50,15,4.981929549902153
2017,51,15,7.114422971548999
2017,53,15,6.762455365296804
2017,54,15,7.627922374429224
2017,55,15,6.359444333748443
2017,56,15,5.22035205479452
2017,6,15,7.23239530332681
2017,8,15,4.140866849315068
2017,9,15,5.638669917808219
2017,13,151,9.521738630136986
2017,17,151,9.03221095890411
2017,18,151,8.057129071537291
2017,19,151,7.310096803652968
2017,20,151,6.787357077625571
2017,21,151,8.382287238644557
2017,26,151,7.409012100456621
2017,27,151,6.226076712328767
2017,28,151,8.48853785147801
2017,29,151,8.037941095890411
2017,31,151,7.615256849315068
2017,37,151,8.110278180039139
2017,39,151,9.217520611659764
2017,40,151,7.013045662100457
2017,47,151,7.608192876712329
2017,48,151,7.455709589041096
2017,13,153,9.529622156045265
2017,17,153,9.211479452054794
2017,18,153,8.773659178082192
2017,19,153,8.011069080234834
2017,20,153,5.605057534246575
2017,21,153,7.951284931506849
2017,26,153,5.702604566210046
2017,27,153,5.973904452054794
2017,28,153,8.773190410958904
2017,29,153,8.232023287671233
2017,31,153,9.128847276202612
2017,37,153,7.769530759651308
2017,39,153,9.19129595129376
2017,40,153,6.731177534246575
2017,47,153,8.096812785388128
2017,48,153,6.962206849315068
2017,51,153,8.191328503053309
2017,13,155,8.930512328767123
2017,17,155,8.665660273972603
2017,18,155,8.448331506849315
2017,19,155,8.747301278538813
2017,20,155,7.225260596293312
2017,21,155,8.392284931506849
2017,26,155,7.49215149073328
2017,27,155,6.41431095890411
2017,28,155,8.771401826484018
2017,29,155,8.647458904109589
2017,31,155,8.28117095890411
2017,37,155,8.102062748563853
2017,39,155,9.701568268991283
2017,47,155,8.340770624048706
2017,48,155,7.050876712328767
2017,51,155,7.218706849315068
2017,13,157,8.937622914072229
2017,17,157,9.199439269406393
2017,18,157,8.783207182524991
2017,19,157,7.791295342465753
2017,20,157,7.218963470319635
2017,21,157,8.987828767123288
2017,26,157,7.268513593256059
2017,27,157,7.130485388127854
2017,28,157,8.195658904109589
2017,29,157,9.194865205479452
2017,31,157,5.598585056039851
2017,37,157,7.932705414220483
2017,39,157,8.685815525114155
2017,47,157,8.958969416723486
2017,48,157,9.598507281903389
2017,51,157,7.142280821917808
2017,13,159,9.287154337899543
2017,17,159,9.044665753424658
2017,18,159,8.72250205479452
2017,19,159,7.707279452054794
2017,20,159,6.904909589041096
2017,21,159,8.076615525114155
2017,26,159,7.575620091324201
2017,27,159,5.796430136986301
2017,28,159,9.127846575342466
2017,29,159,7.549933499377335
2017,31,159,7.695620547945206
2017,37,159,8.615150410958904
2017,39,159,8.785905479452055
2017,47,159,7.987518904109589
2017,48,159,9.101169863013699
2017,51,159,7.45364794520548
2017,13,161,8.79870502283105
2017,17,161,8.550639589041096
2017,18,161,8.559282191780822
2017,19,161,7.518531506849315
2017,20,161,8.281480821917808
2017,21,161,8.25581698630137
2017,26,161,8.376223452054794
2017,27,161,7.242698630136986
2017,28,161,8.439492237442922
2017,29,161,8.019903287671233
2017,31,161,5.115775342465753
2017,37,161,8.393604636459431
2017,39,161,8.672385692541857
2017,47,161,8.194712328767123
2017,48,161,9.092890802348337
2017,51,161,7.236694672754947
2017,13,163,9.220942465753425
2017,17,163,9.140842328767123
2017,18,163,9.131638523902712
2017,19,163,8.480890760711163
2017,20,163,5.946615068493151
2017,21,163,8.750768150684932
2017,26,163,9.32429955535594
2017,27,163,7.379087123287671
2017,28,163,8.720958904109589
2017,29,163,8.586613150684932
2017,31,163,6.382991780821918
2017,37,163,8.101550684931507
2017,39,163,8.163195433789954
2017,47,163,7.935370425008781
2017,48,163,8.754537899543379
2017,51,163,6.957105479452055
2017,13,165,8.850904109589041
2017,17,165,9.056017351598174
2017,18,165,8.787557260273973
2017,19,165,7.79313698630137
2017,20,165,6.060076712328767
2017,21,165,7.947423287671233
2017,26,165,6.047858904109589
2017,27,165,6.653038356164384
2017,29,165,8.636273561643836
2017,31,165,5.074312328767123
2017,37,165,8.055882583170254
2017,39,165,9.429262847654628
2017,47,165,8.468063992172211
2017,48,165,7.596467579908676
2017,51,165,7.220852775775054
2017,13,167,9.058116894977169
2017,17,167,9.224486068751615
2017,18,167,8.936938747553816
2017,19,167,6.984281800391389
2017,20,167,6.3594
2017,21,167,8.483248219178082
2017,27,167,6.600875342465753
2017,29,167,7.7009
2017,31,167,7.301949315068493
2017,37,167,8.089394309799789
2017,39,167,8.601727226027397
2017,47,167,8.316290200210748
2017,48,167,8.449470817766708
2017,51,167,7.456383953033268
2017,13,169,9.423162557077626
2017,17,169,8.54547397260274
2017,18,169,8.542026369863014
2017,19,169,7.877514794520548
2017,20,169,7.534555707762557
2017,21,169,8.227356164383562
2017,27,169,7.398022191780822
2017,29,169,7.925584170471842
2017,31,169,7.232149315068493
2017,37,169,7.816597869101979
2017,39,169,8.917139811643836
2017,47,169,8.146186301369863
2017,48,169,7.172657534246575
2017,51,169,7.871173515981735
2017,1,17,9.768522374429224
2017,12,17,8.08995636732623
2017,13,17,8.964457534246575
2017,16,17,11.626233789954338
2017,17,17,8.710963287671233
2017,18,17,8.596622914072229
2017,19,17,7.684465753424658
2017,20,17,7.935709589041096
2017,21,17,8.563587671232877
2017,22,17,9.832799400684932
2017,23,17,6.323522320709106
2017,24,17,8.196332694063927
2017,25,17,6.244873826139399
2017,26,17,7.248731822971549
2017,27,17,4.963468493150685
2017,28,17,9.051693835616438
2017,29,17,8.992097716894977
2017,30,17,6.557385844748858
2017,31,17,5.391542465753425
2017,32,17,4.704984931506849
2017,33,17,5.682225424657534
2017,34,17,8.849482670407658
2017,35,17,5.440073287671233
2017,36,17,6.248045205479452
2017,37,17,7.758455251141552
2017,38,17,7.475729763387298
2017,39,17,9.538353835616438
2017,4,17,5.051467697746354
2017,40,17,8.348466509211148
2017,41,17,9.047886872146119
2017,42,17,8.983298745090526
2017,45,17,8.428461187214612
2017,46,17,5.091049315068493
2017,47,17,7.87745205479452
2017,48,17,6.605860273972603
2017,49,17,4.961246575342466
2017,5,17,8.454213698630137
2017,50,17,5.510859178082192
2017,51,17,6.666528767123288
2017,53,17,9.203226712328767
2017,54,17,8.076324657534247
2017,55,17,6.49525205479452
2017,56,17,4.789850684931507
2017,6,17,7.104043007327174
2017,8,17,5.461583561643836
2017,13,171,9.444952511415525
2017,17,171,8.679378082191781
2017,18,171,8.487004109589041
2017,19,171,7.741818264840183
2017,20,171,5.983271232876712
2017,21,171,8.081370547945206
2017,27,171,6.72702900886382
2017,29,171,7.681334246575342
2017,31,171,5.445608219178082
2017,37,171,7.656790784557908
2017,39,171,8.217836529680365
2017,47,171,7.134902739726027
2017,48,171,8.207345753424658
2017,51,171,7.113754337899543
2017,13,173,8.627049315068493
2017,17,173,9.026302283105023
2017,18,173,9.080646575342466
2017,19,173,7.780336073059361
2017,20,173,7.840314140521432
2017,21,173,8.270067579908676
2017,27,173,5.894554794520548
2017,29,173,8.568498630136986
2017,31,173,7.584797260273973
2017,37,173,7.317265753424658
2017,39,173,8.616224853228963
2017,47,173,8.831534246575342
2017,48,173,7.533830136986301
2017,51,173,7.06686697108067
2017,13,175,9.0835822971549
2017,17,175,8.681757534246575
2017,18,175,8.254463926940639
2017,19,175,7.688335616438356
2017,20,175,6.511219178082192
2017,21,175,7.877467397260274
2017,29,175,8.079928767123288
2017,31,175,6.237232876712329
2017,37,175,7.130283365949119
2017,39,175,8.532497716894977
2017,47,175,7.719079452054794
2017,48,175,8.700028767123288
2017,51,175,7.514127123287671
2017,13,177,9.690070136986301
2017,17,177,7.928818335089568
2017,18,177,8.514350846091861
2017,19,177,7.895886301369863
2017,20,177,8.615629053838802
2017,21,177,8.590652663622527
2017,29,177,7.523678767123288
2017,31,177,8.386269589041096
2017,37,177,6.717315068493151
2017,47,177,7.874695281582953
2017,48,177,8.932855707762557
2017,51,177,7.831459908675799
2017,13,179,8.469069471624266
2017,17,179,9.278444931506849
2017,18,179,8.560392563600783
2017,19,179,7.934292652552926
2017,20,179,5.623015068493151
2017,21,179,8.637393911719939
2017,29,179,8.101298630136986
2017,31,179,7.217505479452055
2017,37,179,8.63707818242566
2017,47,179,7.647486956521739
2017,48,179,6.430676320939335
2017,51,179,7.984531912734652
2017,13,181,8.853495890410959
2017,17,181,9.30182301369863
2017,18,181,8.557583561643836
2017,19,181,7.801165753424658
2017,20,181,5.589928767123288
2017,21,181,8.294208219178082
2017,29,181,8.82282397260274
2017,31,181,6.645364383561644
2017,37,181,8.221208493150685
2017,47,181,7.678057534246575
2017,48,181,8.944722866174921
2017,51,181,7.459294520547945
2017,13,183,8.525178082191781
2017,17,183,8.642197374429224
2017,18,183,8.4419228962818
2017,19,183,8.136471232876712
2017,20,183,6.410823287671233
2017,21,183,8.634473581213307
2017,29,183,9.230186405410092
2017,31,183,6.260460273972603
2017,37,183,8.915292637901985
2017,47,183,8.168391780821918
2017,48,183,9.364260383561644
2017,51,183,7.588955068493151
2017,13,185,8.85411594520548
2017,17,185,9.053012328767123
2017,19,185,7.598649315068493
2017,20,185,6.636793150684932
2017,21,185,8.743503522504892
2017,29,185,7.386683105022831
2017,31,185,7.382497260273973
2017,37,185,7.962168493150685
2017,47,185,7.761322831050228
2017,48,185,9.173013242009132
2017,51,185,7.217899626400996
2017,29,186,8.885715753424658
2017,13,187,7.98032397260274
2017,17,187,8.493097534246575
2017,19,187,7.683311872146119
2017,20,187,5.917438356164384
2017,21,187,8.386822831050228
2017,29,187,8.504052801992528
2017,37,187,7.024067579908676
2017,47,187,8.652893002591633
2017,48,187,9.265385734529995
2017,51,187,7.336669863013699
2017,13,189,9.188962739726027
2017,17,189,9.155506164383562
2017,19,189,7.238865753424658
2017,20,189,6.338393150684932
2017,21,189,7.988824657534247
2017,29,189,9.199529524333999
2017,37,189,6.983038777660696
2017,47,189,8.571296803652968
2017,48,189,7.06979299847793
2017,1,19,9.157940182648402
2017,12,19,8.115741735159817
2017,13,19,8.950085844748858
2017,16,19,7.465888975864318
2017,17,19,8.707585791653393
2017,18,19,9.09461612223393
2017,19,19,7.716458447488584
2017,20,19,8.136098630136986
2017,21,19,8.421458798735511
2017,22,19,8.86609694894147
2017,23,19,5.471284097677189
2017,24,19,7.63146697108067
2017,25,19,5.480603835616438
2017,26,19,5.930472876712329
2017,27,19,7.023256669069935
2017,28,19,8.943922374429224
2017,29,19,8.515845252716108
2017,30,19,5.86474794520548
2017,31,19,6.642890909090909
2017,32,19,6.29038
2017,33,19,5.413034520547945
2017,34,19,8.512946048472076
2017,35,19,5.175317808219178
2017,36,19,5.534299206921413
2017,37,19,7.026626400996264
2017,38,19,6.531916438356164
2017,39,19,8.803037964774951
2017,4,19,7.579296788495424
2017,40,19,8.422412702366127
2017,41,19,8.097475342465753
2017,42,19,10.099071793275218
2017,45,19,7.880368573730862
2017,46,19,5.88502602739726
2017,47,19,7.299359709911362
2017,48,19,8.439790136986301
2017,49,19,5.263375342465753
2017,5,19,9.245214246575342
2017,50,19,5.560338904109589
2017,51,19,7.355324315068493
2017,53,19,8.589035616438356
2017,54,19,7.59925502283105
2017,55,19,6.130880136986301
2017,56,19,5.103830136986301
2017,6,19,13.642253431541268
2017,8,19,4.862253881278539
2017,13,191,7.894204109589041
2017,17,191,9.022122739726027
2017,19,191,7.242531506849315
2017,20,191,7.718766210045662
2017,21,191,8.412857534246575
2017,37,191,8.15093804004215
2017,48,191,6.750972602739726
2017,51,191,7.375845943097998
2017,13,193,9.544716438356164
2017,17,193,8.997108493150685
2017,19,193,7.5212885142255
2017,20,193,5.578420547945206
2017,21,193,7.891667465753425
2017,37,193,7.719112915851272
2017,48,193,8.205517808219178
2017,51,193,7.638791780821918
2017,13,195,8.815848401826484
2017,17,195,8.34331598173516
2017,19,195,7.304829223744292
2017,20,195,5.482016438356164
2017,21,195,7.879591925018024
2017,29,195,7.572753424657534
2017,37,195,8.103314491708724
2017,48,195,6.401956164383562
2017,51,195,7.558448318804483
2017,13,197,9.658597260273973
2017,17,197,9.221467105263158
2017,19,197,7.60874301369863
2017,20,197,8.309616438356164
2017,21,197,8.0747
2017,29,197,7.817135616438356
2017,37,197,8.101550293542074
2017,48,197,7.088180821917808
2017,51,197,7.082651598173516
2017,13,199,9.474454794520548
2017,17,199,9.378803105022831
2017,20,199,5.55798904109589
2017,21,199,8.150108610567515
2017,29,199,7.935791780821918
2017,37,199,6.94098904109589
2017,48,199,9.05960697384807
2017,51,199,7.529972994129158
2017,13,201,9.568660273972603
2017,17,201,8.329154990215264
2017,20,201,7.645150684931507
2017,21,201,8.256019178082192
2017,29,201,9.540312876712329
2017,48,201,9.863433859667468
2017,17,203,8.964302587519026
2017,20,203,5.88447397260274
2017,21,203,8.193165068493151
2017,29,203,8.027156164383562
2017,48,203,9.375213307240704
2017,13,205,9.838874520547945
2017,20,205,8.21043698630137
2017,21,205,7.923351369863014
2017,29,205,8.133616438356164
2017,48,205,5.845964383561644
2017,13,207,9.476986301369863
2017,20,207,8.105308219178082
2017,21,207,8.08556
2017,29,207,9.273754109589041
2017,48,207,7.451104109589041
2017,13,209,8.952778082191781
2017,20,209,8.634814951076321
2017,21,209,8.728460469667319
2017,29,209,8.150861643835616
2017,48,209,9.230420931506849
2017,1,21,9.475584779299848
2017,12,21,7.635855507599925
2017,13,21,9.569918679950187
2017,16,21,10.113176712328767
2017,17,21,9.033894246575342
2017,18,21,8.620844748858448
2017,19,21,7.313096347031964
2017,20,21,8.438538356164384
2017,21,21,8.361976125244618
2017,22,21,8.479026484018265
2017,23,21,5.475976712328767
2017,24,21,8.219851830226813
2017,25,21,6.579916501580611
2017,26,21,7.687403310502283
2017,27,21,5.498459178082192
2017,28,21,8.359377168949772
2017,29,21,8.592509479452055
2017,30,21,5.722225570776256
2017,31,21,7.85472602739726
2017,32,21,5.343320547945206
2017,34,21,8.370019249243907
2017,35,21,5.053279452054794
2017,36,21,6.33005205479452
2017,37,21,7.352336350293542
2017,38,21,6.208584474885845
2017,39,21,8.667503561643836
2017,4,21,8.231628273972603
2017,40,21,9.078432267884323
2017,41,21,8.712306849315068
2017,42,21,9.608737573385519
2017,45,21,8.865428029504742
2017,46,21,5.544890410958904
2017,47,21,8.303703805175038
2017,48,21,9.118253150684932
2017,49,21,4.913332876712329
2017,5,21,8.992120091324201
2017,50,21,6.145650547945206
2017,51,21,7.120284931506849
2017,53,21,11.574743519494204
2017,54,21,7.816139726027397
2017,55,21,6.739562557077626
2017,56,21,4.805507110241357
2017,6,21,8.059427397260274
2017,8,21,4.698241095890411
2017,13,211,9.137882191780822
2017,21,211,8.645120243531202
2017,29,211,7.746699543378995
2017,48,211,6.50072602739726
2017,13,213,8.785569178082192
2017,21,213,8.357785616438356
2017,29,213,8.173126849315068
2017,48,213,9.112198066075745
2017,13,215,10.317221917808219
2017,21,215,8.736785616438356
2017,29,215,7.939963698630137
2017,48,215,9.890468105224876
2017,13,217,9.366727291886196
2017,21,217,8.309792876712329
2017,29,217,7.600642465753425
2017,48,217,8.969247322540473
2017,13,219,8.992214611872146
2017,21,219,8.403811643835616
2017,29,219,8.559128767123288
2017,48,219,7.184814481409002
2017,13,221,8.820532876712329
2017,21,221,8.451009863013699
2017,29,221,8.036849863013699
2017,48,221,8.614879452054794
2017,13,223,9.577770295602019
2017,21,223,8.343261643835616
2017,29,223,8.627976712328767
2017,48,223,9.049052663622527
2017,13,225,9.544905936073059
2017,21,225,8.883806164383562
2017,29,225,7.950910273972603
2017,48,225,9.04887866927593
2017,13,227,8.667425114155251
2017,21,227,8.563924543378995
2017,29,227,7.815621917808219
2017,48,227,7.565668767123288
2017,13,229,8.397303424657534
2017,21,229,8.460339726027397
2017,29,229,7.96595205479452
2017,48,229,6.105
2017,1,23,8.829528767123288
2017,12,23,7.836574657534247
2017,13,23,9.14738904109589
2017,16,23,6.41181095890411
2017,17,23,8.976215753424658
2017,18,23,8.829777397260274
2017,19,23,7.665768219178082
2017,20,23,5.556443835616438
2017,21,23,8.349919634703196
2017,22,23,8.180720547945206
2017,23,23,7.008592123287671
2017,24,23,7.123023483365949
2017,25,23,6.125628602739726
2017,26,23,7.86598196347032
2017,27,23,6.118793835616438
2017,28,23,8.947608904109589
2017,29,23,9.107982191780822
2017,30,23,10.750101369863014
2017,31,23,7.644137899543379
2017,32,23,5.679995342465753
2017,34,23,8.45746382778865
2017,35,23,5.697684931506849
2017,36,23,6.140968721461187
2017,37,23,8.190474124809741
2017,38,23,5.507076712328767
2017,39,23,8.798216189290162
2017,4,23,7.286761095890411
2017,40,23,8.877670136986301
2017,41,23,6.940120547945206
2017,42,23,7.425680821917808
2017,45,23,8.505359651307596
2017,46,23,5.664839269406393
2017,47,23,7.819359817351598
2017,48,23,7.325095890410959
2017,49,23,5.49498904109589
2017,5,23,8.826214481409002
2017,50,23,5.248862436914203
2017,51,23,7.147869178082192
2017,53,23,9.45213698630137
2017,54,23,6.725082191780822
2017,55,23,7.021175342465753
2017,56,23,6.029308904109589
2017,6,23,6.99651698630137
2017,8,23,4.56552602739726
2017,13,231,9.420682191780822
2017,21,231,7.872184657534247
2017,48,231,9.057660706560923
2017,13,233,9.244832093933464
2017,21,233,8.840106164383562
2017,48,233,6.46120626223092
2017,13,235,9.164070319634703
2017,21,235,8.033520890410959
2017,48,235,7.423246575342466
2017,13,237,9.22901205479452
2017,21,237,7.93038904109589
2017,48,237,7.912045662100457
2017,13,239,9.66693698630137
2017,21,239,8.754444863013699
2017,48,239,8.655104109589041
2017,13,241,7.141656438356164
2017,48,241,8.930696575342466
2017,13,243,9.611872602739726
2017,48,243,5.847432876712329
2017,13,245,9.693113786068202
2017,48,245,9.13784303652968
2017,13,247,9.506183196347032
2017,48,247,9.064542465753425
2017,13,249,9.564980821917808
2017,48,249,8.939745988258317
2017,1,25,8.829851141552511
2017,13,25,8.131143378995434
2017,16,25,6.089871232876712
2017,17,25,9.02952602739726
2017,18,25,8.499361643835616
2017,19,25,7.532080821917808
2017,20,25,6.474846575342466
2017,21,25,7.94346927592955
2017,22,25,8.229717808219178
2017,23,25,6.04803045930701
2017,24,25,8.664413410237924
2017,25,25,6.799202591995702
2017,26,25,7.759584826132771
2017,27,25,6.666389315068493
2017,28,25,9.31370301369863
2017,29,25,7.696676712328767
2017,30,25,5.741087671232877
2017,31,25,8.62065296803653
2017,34,25,7.667924168981703
2017,35,25,7.598524809741248
2017,36,25,6.144553816046967
2017,37,25,8.771827471306923
2017,38,25,5.491115068493151
2017,39,25,9.113655890410959
2017,4,25,5.512159360730594
2017,40,25,5.470641095890411
2017,41,25,6.52812602739726
2017,42,25,8.466459817351598
2017,45,25,7.972966849315068
2017,46,25,6.115961643835616
2017,47,25,8.466525418569254
2017,48,25,8.75954011741683
2017,49,25,4.778261643835616
2017,5,25,8.882142465753425
2017,50,25,5.462930745814308
2017,51,25,7.855035068493151
2017,53,25,10.339791267123288
2017,54,25,6.977598825831702
2017,55,25,7.541759339393164
2017,56,25,4.557537290715373
2017,6,25,9.161267786124613
2017,8,25,5.43805205479452
2017,13,251,8.638604383561644
2017,48,251,9.082020254403131
2017,13,253,9.390067579908676
2017,48,253,7.610878538812785
2017,13,255,9.442873744292237
2017,48,255,8.825026712328767
2017,13,257,8.063015890410959
2017,48,257,9.236285844748858
2017,13,259,9.667838356164384
2017,48,259,8.651893150684932
2017,13,261,9.617662328767123
2017,48,261,8.842865753424658
2017,13,263,9.619255707762557
2017,48,263,7.128912328767123
2017,13,265,8.932956164383562
2017,48,265,8.140073150684932
2017,13,267,8.774846575342466
2017,48,267,7.719523287671233
2017,13,269,9.483634703196347
2017,48,269,7.010750684931507
2017,1,27,9.17282397260274
2017,12,27,7.417862709284627
2017,13,27,9.272932602739726
2017,16,27,9.739838639584317
2017,17,27,9.091573287671233
2017,18,27,8.7942771037182
2017,19,27,7.684356164383562
2017,20,27,7.706212328767123
2017,21,27,8.55455296803653
2017,22,27,9.188622465753425
2017,23,27,5.627292808219178
2017,24,27,8.454545554171856
2017,25,27,5.519609158967824
2017,26,27,7.957787297633873
2017,27,27,7.324881981032666
2017,28,27,8.339525636007828
2017,29,27,8.325364383561644
2017,30,27,6.033401369863014
2017,31,27,6.715778082191781
2017,32,27,5.456928767123288
2017,34,27,8.031087205479452
2017,35,27,5.210644931506849
2017,36,27,6.591042691173921
2017,37,27,8.086603062046736
2017,38,27,6.261887671232877
2017,39,27,8.618572298325723
2017,4,27,8.283070635118306
2017,40,27,8.499533318603624
2017,41,27,7.899767123287671
2017,42,27,8.513256827220504
2017,45,27,8.256499771689498
2017,46,27,6.601123287671233
2017,47,27,7.945576712328767
2017,48,27,8.969056185458377
2017,49,27,5.158680365296804
2017,5,27,9.247602191780822
2017,50,27,5.715099086757991
2017,51,27,7.599643835616438
2017,53,27,5.396057363013699
2017,54,27,7.218912876712329
2017,55,27,6.646288082191781
2017,56,27,5.146194520547945
2017,6,27,5.415109132420091
2017,8,27,4.462095890410959
2017,13,271,8.96155799086758
2017,48,271,8.21598904109589
2017,13,273,9.690743835616438
2017,48,273,8.997028493150685
2017,13,275,9.943575093399751
2017,48,275,7.244686301369863
2017,13,277,9.120228614916286
2017,48,277,8.928975114155251
2017,13,279,8.906434703196347
2017,48,279,6.964779178082192
2017,35,28,4.944642465753425
2017,13,281,7.303040182648402
2017,48,281,8.46790301369863
2017,13,283,8.982415068493151
2017,48,283,8.829632876712329
2017,13,285,9.592821917808219
2017,48,285,8.75216803652968
2017,13,287,9.11845205479452
2017,48,287,9.028454794520548
2017,13,289,9.310921917808219
2017,48,289,8.973573515981735
2017,1,29,9.084272602739726
2017,12,29,7.551095890410959
2017,13,29,8.469056360078278
2017,16,29,6.574645205479452
2017,17,29,9.014541095890411
2017,18,29,8.81047095890411
2017,19,29,7.771475068493151
2017,20,29,7.241984931506849
2017,21,29,9.051225114155251
2017,22,29,8.250545205479452
2017,23,29,4.999556164383562
2017,24,29,8.10350904109589
2017,26,29,6.10397449947313
2017,27,29,5.898251141552511
2017,28,29,8.680555251141552
2017,29,29,7.834618181818182
2017,30,29,10.730495602018746
2017,31,29,5.69021095890411
2017,32,29,6.542082191780822
2017,34,29,7.256457380821918
2017,35,29,5.914102283105023
2017,36,29,7.81270494543766
2017,37,29,6.864512328767123
2017,38,29,5.807884931506849
2017,39,29,9.322180251141552
2017,40,29,8.653197260273973
2017,41,29,9.252873304376879
2017,42,29,9.570276641473784
2017,45,29,8.176334855403349
2017,46,29,6.46813228962818
2017,47,29,7.882309589041096
2017,48,29,9.315410584624598
2017,49,29,7.441835616438356
2017,5,29,9.186056164383562
2017,51,29,7.404161643835616
2017,53,29,6.403356294846706
2017,54,29,9.112314726027397
2017,55,29,5.827590258751903
2017,56,29,5.252232876712329
2017,6,29,12.332782073845596
2017,8,29,4.844810176125245
2017,13,291,7.539286757990868
2017,48,291,9.073792954990215
2017,13,293,9.468380821917808
2017,48,293,9.060368835616438
2017,13,295,9.136314857744995
2017,48,295,6.38524794520548
2017,13,297,9.280193242009132
2017,48,297,8.823555479452055
2017,13,299,8.327132420091324
2017,48,299,8.385462100456621
2017,1,3,8.383238179407866
2017,10,3,8.750066722866175
2017,12,3,7.945505479452055
2017,13,3,8.67915799086758
2017,16,3,7.623797260273973
2017,17,3,9.29609794520548
2017,18,3,8.548921090182648
2017,19,3,7.735472602739726
2017,20,3,7.614808219178082
2017,21,3,8.199009589041096
2017,22,3,8.461150684931507
2017,23,3,5.966249086757991
2017,24,3,8.509025763962065
2017,25,3,6.150359747102213
2017,26,3,5.545976255707763
2017,27,3,7.522402079551081
2017,28,3,8.361312328767123
2017,29,3,8.406922602739726
2017,30,3,6.496197260273973
2017,31,3,6.495931506849315
2017,32,3,7.026380422491632
2017,33,3,5.727924533001245
2017,34,3,8.274171148695186
2017,35,3,4.978597260273973
2017,36,3,6.474930874604847
2017,37,3,8.392005479452055
2017,38,3,6.505984931506849
2017,39,3,8.830369530925695
2017,4,3,6.233856335616438
2017,40,3,7.376323287671233
2017,41,3,8.013194824961948
2017,42,3,10.637112608191917
2017,44,3,6.002154056902002
2017,45,3,9.147591448733914
2017,46,3,5.518791780821918
2017,47,3,8.238280365296804
2017,48,3,7.518542465753425
2017,49,3,8.141103362391034
2017,5,3,8.780972994129158
2017,50,3,5.799738812785388
2017,51,3,7.388521295143213
2017,53,3,10.354214611872146
2017,54,3,8.323911154598826
2017,55,3,4.934050880626223
2017,56,3,5.473351598173516
2017,6,3,6.132243835616438
2017,8,3,4.836973287671233
2017,9,3,6.509827238258317
2017,13,301,9.126908219178082
2017,48,301,6.992290410958904
2017,13,303,9.230290410958904
2017,48,303,7.576442868654311
2017,13,305,8.426194520547945
2017,48,305,7.368241095890411
2017,13,307,9.5744
2017,48,307,7.853191780821918
2017,13,309,9.015419178082192
2017,48,309,9.127319957023906
2017,1,31,9.016579843444227
2017,12,31,8.359616438356164
2017,13,31,8.707161643835616
2017,16,31,7.092732420091324
2017,17,31,9.396955056436693
2017,18,31,8.201376255707763
2017,19,31,8.008380273972603
2017,20,31,8.031282191780822
2017,21,31,8.460727671232877
2017,22,31,9.473378082191781
2017,23,31,6.216730821917808
2017,24,31,8.420434597005416
2017,26,31,6.087542465753425
2017,27,31,4.530524657534247
2017,28,31,8.977978082191781
2017,29,31,9.696039212328767
2017,30,31,6.63472503113325
2017,31,31,5.02692602739726
2017,32,31,6.747553008806262
2017,34,31,8.253597561643836
2017,35,31,4.987258501208703
2017,36,31,5.229065542676502
2017,37,31,6.585193631988152
2017,38,31,6.269917808219178
2017,39,31,8.494928493150685
2017,40,31,7.51821404109589
2017,41,31,8.060325114155251
2017,42,31,8.876178630136986
2017,45,31,8.244884589041096
2017,46,31,5.315238356164384
2017,47,31,8.161127168949772
2017,48,31,8.640827397260274
2017,49,31,4.746298630136986
2017,5,31,9.143951007252216
2017,51,31,7.592259589041096
2017,53,31,5.416320939334638
2017,54,31,6.861925114155251
2017,55,31,5.208749771689498
2017,56,31,4.695971232876712
2017,6,31,14.778935768645358
2017,8,31,8.291616114916286
2017,13,311,7.749442191780822
2017,48,311,8.798967123287671
2017,13,313,9.234470928462709
2017,48,313,9.063352739726027
2017,13,315,9.054093150684932
2017,48,315,9.271821917808219
2017,13,317,8.82485
2017,48,317,7.641560273972603
2017,13,319,9.259208219178082
2017,48,319,7.908216438356164
2017,13,321,9.4366
2017,48,321,8.577167671232877
2017,48,323,8.633328462709285
2017,48,325,8.81239794520548
2017,48,327,7.62625205479452
2017,48,329,7.773086656519533
2017,1,33,8.333808023483366
2017,12,33,8.413100057881536
2017,13,33,9.091634703196347
2017,16,33,5.950235616438356
2017,17,33,9.009844748858448
2017,18,33,8.314153729071537
2017,19,33,7.46273499377335
2017,20,33,6.603594520547945
2017,21,33,8.693442922374429
2017,22,33,9.69675812983919
2017,24,33,8.764096669599095
2017,26,33,6.358028571428571
2017,27,33,6.325341780821918
2017,28,33,9.004216272312163
2017,29,33,7.475183561643836
2017,30,33,5.98254794520548
2017,31,33,5.512083105022831
2017,32,33,4.735233789954338
2017,34,33,8.321777739726027
2017,35,33,4.656621917808219
2017,36,33,5.639118590998043
2017,37,33,8.082044292237443
2017,38,33,5.161961643835616
2017,39,33,8.459246996838778
2017,40,33,7.646604109589041
2017,41,33,8.712841952054794
2017,42,33,8.42026205479452
2017,45,33,8.055550684931507
2017,46,33,5.638765753424658
2017,47,33,7.910475616438356
2017,48,33,7.284895890410959
2017,49,33,6.738317808219178
2017,5,33,9.279072727272727
2017,51,33,7.848063405088063
2017,53,33,7.820074448776785
2017,54,33,7.994106102117061
2017,55,33,6.667089383561644
2017,56,33,6.147737899543379
2017,6,33,7.206815159817352
2017,8,33,4.754408219178082
2017,48,331,9.100245792563601
2017,48,333,8.03242602739726
2017,48,335,7.415893150684932
2017,48,337,8.128007762557078
2017,48,339,9.699089760854423
2017,48,341,6.348533561643836
2017,48,343,9.152235616438356
2017,48,345,6.757131506849315
2017,48,347,9.197024236037935
2017,48,349,9.079085479452055
2017,1,35,8.796793424657534
2017,12,35,7.379293835616438
2017,13,35,9.40253698630137
2017,16,35,11.503557534246575
2017,17,35,9.076985388127854
2017,18,35,8.506789315068493
2017,19,35,7.226217123287671
2017,20,35,7.937564881693649
2017,21,35,8.465045357686454
2017,22,35,8.349157077625571
2017,24,35,7.957824408468244
2017,26,35,6.332998256537983
2017,27,35,5.736113698630137
2017,28,35,8.975239967767929
2017,29,35,8.40074794520548
2017,30,35,7.628021917808219
2017,31,35,7.090667123287671
2017,34,35,8.407137026591458
2017,35,35,5.749271404109589
2017,36,35,6.091000365296804
2017,37,35,8.7889832081308
2017,38,35,7.0655
2017,39,35,9.317265648995639
2017,40,35,8.628371506849315
2017,41,35,8.152238082191781
2017,42,35,8.070690715372907
2017,45,35,8.205262465753425
2017,46,35,5.775635616438356
2017,47,35,7.706400195694716
2017,48,35,8.629935812133072
2017,49,35,7.79778441457741
2017,5,35,8.810686575342466
2017,51,35,7.204530332681018
2017,53,35,6.293049568746829
2017,54,35,8.409078082191781
2017,55,35,6.871505479452055
2017,56,35,5.276117808219178
2017,6,35,7.126507153729072
2017,8,35,6.786760655737705
2017,48,351,8.924107534246575
2017,48,353,7.47558794520548
2017,48,355,8.918642178251311
2017,48,357,6.40233698630137
2017,48,359,5.915961643835616
2017,51,36,7.823196347031964
2017,48,361,9.162291454664057
2017,48,363,8.108130289193303
2017,48,365,9.317461187214612
2017,48,367,8.62516279740447
2017,48,369,6.650367123287671
2017,1,37,9.430729680365297
2017,12,37,7.681865068493151
2017,13,37,9.589993150684932
2017,16,37,6.654276712328767
2017,17,37,8.533552250489237
2017,18,37,8.807818395303327
2017,19,37,7.49172602739726
2017,20,37,8.063485180572852
2017,21,37,9.422694136986301
2017,22,37,8.584865205479452
2017,24,37,7.723620789685737
2017,26,37,7.54212303860523
2017,27,37,7.420358846431146
2017,28,37,8.304450684931507
2017,29,37,7.459434657534247
2017,30,37,6.104021917808219
2017,31,37,7.630560730593607
2017,34,37,7.527819645840294
2017,35,37,5.565417351598174
2017,36,37,6.945770593607306
2017,37,37,8.391204847207587
2017,38,37,5.42246301369863
2017,39,37,8.868943835616438
2017,40,37,9.211118590998043
2017,41,37,6.730604109589041
2017,42,37,8.686131324200913
2017,45,37,8.989708219178082
2017,46,37,6.237696803652968
2017,47,37,8.945755160384583
2017,48,37,9.336141704718417
2017,49,37,4.92643904109589
2017,5,37,8.571718721461187
2017,51,37,7.71943105022831
2017,53,37,9.622818150684932
2017,54,37,8.202878356164384
2017,55,37,5.095130136986301
2017,56,37,5.754012328767123
2017,6,37,11.581609590795082
2017,8,37,4.388799217221135
2017,48,371,6.798410273972603
2017,48,373,9.082686301369863
2017,48,375,6.679485173247381
2017,48,377,5.9835
2017,48,379,9.050398630136986
2017,48,381,6.686552479924421
2017,48,383,7.419753424657534
2017,48,385,7.907402739726027
2017,48,387,8.955514383561644
2017,48,389,6.761654246575342
2017,1,39,8.835397847358121
2017,12,39,9.252098630136986
2017,13,39,7.826282739726027
2017,16,39,6.866294794520548
2017,17,39,8.960288219178082
2017,18,39,8.238217579908676
2017,19,39,7.639111415525114
2017,20,39,5.707509589041096
2017,21,39,8.859246575342466
2017,22,39,8.498624657534247
2017,24,39,7.182979647749511
2017,26,39,6.052498082191781
2017,27,39,7.280506849315068
2017,28,39,8.53932602739726
2017,29,39,7.411854794520548
2017,30,39,11.352084931506849
2017,31,39,7.708029223744292
2017,34,39,8.796307838660578
2017,35,39,4.981294672754947
2017,36,39,6.216245662100457
2017,37,39,7.385774168297456
2017,38,39,6.389561643835616
2017,39,39,8.451759208523592
2017,40,39,7.195580273972603
2017,41,39,8.676760560688117
2017,42,39,8.62883537820131
2017,45,39,8.413910684931507
2017,46,39,5.92268904109589
2017,47,39,7.701353424657534
2017,48,39,8.897709213000269
2017,49,39,5.306636164383562
2017,5,39,9.071204566210046
2017,53,39,8.148705936073059
2017,54,39,8.482841664512794
2017,55,39,6.342185479452055
2017,56,39,4.991599315068493
2017,6,39,11.275465515187612
2017,8,39,5.862779647749511
2017,48,391,8.615441095890411
2017,48,393,6.354843835616438
2017,48,395,9.03582904109589
2017,48,397,9.370249315068493
2017,48,399,7.641819863013699
2017,48,401,9.255791991570074
2017,48,403,8.943295890410959
2017,48,405,9.027448401826484
2017,48,407,9.194960273972603
2017,48,409,8.834273116438356
2017,1,41,9.010619178082192
2017,12,41,7.66992602739726
2017,16,41,7.381869863013699
2017,17,41,8.826448219178082
2017,18,41,8.385728375733855
2017,19,41,6.985206164383562
2017,20,41,7.731891780821918
2017,21,41,8.378659360730594
2017,22,41,8.281244292237443
2017,24,41,7.803621643835616
2017,26,41,5.682632876712329
2017,27,41,6.10603105022831
2017,28,41,8.491034246575342
2017,29,41,7.718564383561644
2017,30,41,6.411298173515982
2017,31,41,5.999018493150685
2017,34,41,8.528142584871948
2017,35,41,6.266239452054794
2017,36,41,5.323325342465753
2017,37,41,7.036471232876712
2017,38,41,5.286212328767123
2017,39,41,8.989443835616438
2017,40,41,8.721915372907154
2017,41,41,6.081333763094279
2017,42,41,9.006844115180319
2017,45,41,8.285239352428394
2017,46,41,4.984802739726027
2017,47,41,7.892519863013699
2017,48,41,9.208469667318982
2017,49,41,4.947743561643836
2017,5,41,8.433353424657534
2017,51,41,8.276599807061547
2017,53,41,6.510588904109589
2017,54,41,7.634952328767123
2017,55,41,4.974408904109589
2017,56,41,6.306558904109589
2017,6,41,9.952784159402242
2017,8,41,5.883965774499473
2017,48,411,8.050728767123288
2017,48,413,7.520304109589041
2017,48,415,7.40174794520548
2017,48,417,7.493345205479452
2017,48,419,9.210637442922374
2017,48,421,6.204791780821918
2017,48,423,9.248363848980956
2017,48,425,8.500071232876712
2017,48,427,9.61070100456621
2017,48,429,7.622378082191781
2017,1,43,9.087493302891933
2017,12,43,7.207295205479452
2017,13,43,8.860004566210046
2017,16,43,5.472453881278539
2017,17,43,9.652242503805175
2017,18,43,9.154781095890411
2017,19,43,7.354711415525114
2017,20,43,8.404690410958904
2017,21,43,7.92881095890411
2017,22,43,8.815763835616438
2017,24,43,8.383588955479452
2017,26,43,5.367778082191781
2017,27,43,7.071195433789954
2017,28,43,8.497608219178082
2017,29,43,8.313519960861057
2017,30,43,8.842599086757991
2017,31,43,7.528656164383562
2017,35,43,6.000289628180039
2017,36,43,6.015207930785869
2017,37,43,7.257569863013699
2017,38,43,6.000780821917808
2017,39,43,8.461447488584475
2017,40,43,6.880706849315068
2017,41,43,8.619730332681018
2017,42,43,9.565365774499473
2017,45,43,7.682785322896282
2017,46,43,5.690950684931507
2017,47,43,8.027829863013699
2017,48,43,6.165645662100457
2017,49,43,6.616276501580611
2017,5,43,8.633904109589041
2017,51,43,7.758646575342466
2017,53,43,9.727988356164384
2017,54,43,8.267535890410959
2017,55,43,7.243914383561644
2017,56,43,5.25936803652968
2017,6,43,8.252303652968036
2017,8,43,4.854616438356164
2017,48,431,7.362972602739726
2017,48,433,7.257306849315068
2017,48,435,7.592939726027397
2017,48,437,6.816879452054794
2017,48,439,9.261652415486743
2017,48,441,7.712335328046143
2017,48,443,7.36887397260274
2017,48,445,7.373705936073059
2017,48,447,7.386090410958904
2017,48,449,9.183595547945206
2017,1,45,9.153682974559687
2017,12,45,7.830032876712329
2017,13,45,9.302305237711523
2017,16,45,8.822148858447489
2017,17,45,8.830528767123288
2017,18,45,8.584135890410959
2017,19,45,8.158813926940639
2017,20,45,8.008754420921544
2017,21,45,8.143407123287671
2017,22,45,8.614061917808219
2017,24,45,7.480935111751983
2017,26,45,7.638208121330724
2017,27,45,7.198632876712329
2017,28,45,8.346966731898239
2017,29,45,8.233777168949772
2017,30,45,6.089745205479452
2017,31,45,5.165891780821918
2017,35,45,6.033485180572852
2017,36,45,6.119556821917808
2017,37,45,8.831552677459527
2017,38,45,6.24812602739726
2017,39,45,8.699626418786693
2017,40,45,6.554584931506849
2017,41,45,8.241329109589041
2017,42,45,9.35416946347032
2017,45,45,9.04317899543379
2017,46,45,5.676678082191781
2017,47,45,8.004809246575342
2017,48,45,6.624967123287671
2017,49,45,6.323396264009963
2017,5,45,9.531904438356164
2017,51,45,6.944241095890411
2017,53,45,5.776483757338552
2017,54,45,7.955103196347032
2017,55,45,7.594974657534247
2017,56,45,5.603612328767123
2017,6,45,7.909294246575342
2017,8,45,4.616150684931507
2017,48,451,7.703718904109589
2017,48,453,9.454384190021365
2017,48,455,9.115535890410959
2017,48,457,8.899750136986301
2017,48,459,9.227355381604697
2017,48,461,7.38685205479452
2017,48,463,8.401640547945206
2017,48,465,8.308868767123288
2017,48,467,9.093221369863014
2017,48,469,8.836870399047052
2017,1,47,9.145988858447489
2017,12,47,8.013306849315068
2017,13,47,9.34713300124533
2017,16,47,7.276135616438356
2017,17,47,9.016152511415525
2017,18,47,8.493487671232877
2017,19,47,7.638853698630137
2017,20,47,6.34647397260274
2017,21,47,8.52858558038933
2017,22,47,9.068200782778865
2017,24,47,7.112909417808219
2017,26,47,6.101231164383562
2017,27,47,7.229288767123288
2017,28,47,8.611869345509894
2017,29,47,8.511148816936488
2017,30,47,10.70108801369863
2017,31,47,6.20434481409002
2017,35,47,4.892637964774951
2017,36,47,8.542467606344629
2017,37,47,7.523939936775553
2017,38,47,5.91806301369863
2017,39,47,8.401218003913894
2017,40,47,8.008446803652968
2017,41,47,8.990695512517714
2017,42,47,7.806958904109589
2017,45,47,8.712889236790607
2017,46,47,5.328417808219178
2017,47,47,8.233586550435866
2017,48,47,9.061417808219178
2017,49,47,6.01897397260274
2017,5,47,8.768301369863014
2017,51,47,7.459067808219178
2017,53,47,8.545202739726027
2017,54,47,7.421732534246575
2017,55,47,6.289494520547945
2017,6,47,11.963222365110428
2017,8,47,5.188731506849315
2017,48,471,9.2441
2017,48,473,9.274951598173516
2017,48,475,7.269498630136986
2017,48,477,8.96908401826484
2017,48,479,9.231121086907703
2017,48,481,8.727642092154421
2017,48,483,6.591965753424658
2017,48,485,7.76963146982599
2017,48,487,7.309118493150685
2017,48,489,9.237495342465753
2017,1,49,8.8663771037182
2017,12,49,7.619153424657534
2017,13,49,8.013067123287671
2017,16,49,9.48224602739726
2017,17,49,9.132702739726027
2017,18,49,8.321317808219178
2017,19,49,7.824709223744292
2017,20,49,8.037715068493151
2017,21,49,8.540138904109589
2017,22,49,9.058727123287671
2017,26,49,7.723396883823068
2017,27,49,7.187844383561644
2017,28,49,9.525797217465753
2017,29,49,8.004380136986301
2017,30,49,8.815348336594912
2017,31,49,5.598556164383562
2017,35,49,5.325456219178082
2017,36,49,5.622157338551859
2017,37,49,7.05511598173516
2017,38,49,5.746267123287671
2017,39,49,9.1369041771175
2017,40,49,8.23446697108067
2017,41,49,9.350502739726027
2017,42,49,8.12400150491993
2017,45,49,8.425837260273973
2017,46,49,5.487572602739726
2017,47,49,7.600107534246575
2017,48,49,7.883134246575342
2017,49,49,6.960347645547945
2017,5,49,8.653735616438356
2017,51,49,7.522701369863014
2017,53,49,5.461304892367906
2017,54,49,8.113306088280061
2017,55,49,7.10155799086758
2017,6,49,6.537374657534247
2017,8,49,4.775499543378995
2017,48,491,9.305440326304448
2017,48,493,8.969625155666252
2017,48,495,7.320698630136986
2017,48,497,8.599578580323786
2017,48,499,9.097825205479452
2017,1,5,9.627009741248097
2017,10,5,7.395956526234169
2017,12,5,8.140961516406499
2017,13,5,8.570352511415525
2017,16,5,7.665637110834371
2017,17,5,8.941832191780822
2017,18,5,7.90854502283105
2017,19,5,7.101535890410959
2017,20,5,8.334671917808219
2017,21,5,8.583082191780822
2017,22,5,9.277596086105675
2017,23,5,7.028049605645496
2017,24,5,8.582028587888875
2017,25,5,6.162352635616438
2017,26,5,7.68779600456621
2017,27,5,5.890391780821918
2017,28,5,8.31176803652968
2017,29,5,8.29796301369863
2017,30,5,5.99193904109589
2017,31,5,5.413556164383562
2017,32,5,6.195946494762288
2017,33,5,4.993664897260274
2017,34,5,8.56290939677962
2017,35,5,6.531395890410959
2017,36,5,8.145165886774154
2017,37,5,7.12476894977169
2017,38,5,6.199757534246575
2017,39,5,8.494686924034869
2017,4,5,5.0500614481409
2017,40,5,8.733819178082192
2017,41,5,9.088827739726027
2017,42,5,9.917341600576784
2017,44,5,5.696408717310087
2017,45,5,8.513065753424658
2017,46,5,5.705
2017,47,5,7.908078904109589
2017,48,5,9.161143271555197
2017,49,5,8.26901612223393
2017,5,5,8.522063926940639
2017,50,5,5.35874301369863
2017,51,5,6.897415068493151
2017,53,5,11.492523435764532
2017,54,5,7.975896575342466
2017,55,5,6.041484109589041
2017,56,5,6.550950293542074
2017,6,5,8.559333333333333
2017,8,5,7.913380355978008
2017,9,5,5.870484662906258
2017,48,501,7.347619178082192
2017,48,503,7.648032876712329
2017,48,505,9.282746118721461
2017,48,507,8.612984246575342
2017,1,51,9.719837625570776
2017,12,51,7.350658708414873
2017,13,51,8.317566814586147
2017,16,51,7.095432191780822
2017,17,51,8.979527201565558
2017,18,51,8.981339726027397
2017,19,51,7.807931506849315
2017,20,51,5.957331506849315
2017,21,51,8.016385388127854
2017,22,51,8.738811132854968
2017,26,51,6.483922374429224
2017,27,51,6.281957534246575
2017,28,51,8.566826301369863
2017,29,51,8.319352876712329
2017,30,51,6.714495890410959
2017,31,51,7.037068493150685
2017,35,51,5.283364383561644
2017,36,51,6.462604566210046
2017,37,51,8.499093473005641
2017,38,51,5.80925205479452
2017,39,51,8.380330898021309
2017,40,51,7.960178082191781
2017,41,51,9.344249218937755
2017,42,51,8.733689269406393
2017,45,51,7.651412116534825
2017,46,51,6.290719178082192
2017,47,51,8.239022222222222
2017,48,51,9.020098082191781
2017,49,51,6.319601369863014
2017,5,51,9.122640547945206
2017,51,51,7.587831506849315
2017,53,51,10.686741917808219
2017,54,51,8.451768340943683
2017,55,51,5.01948401826484
2017,6,51,5.434041095890411
2017,8,51,4.230830136986301
2017,24,510,8.680781534246575
2017,29,510,9.1979503230809
2017,32,510,6.335723679060665
2017,51,510,8.714658399423216
2017,51,515,7.333
2017,51,520,7.674817808219178
2017,1,53,8.679780213089802
2017,12,53,8.284987422166874
2017,13,53,10.089379726027397
2017,16,53,7.810927123287671
2017,17,53,8.49709205479452
2017,18,53,8.533553595890411
2017,19,53,7.644540639269406
2017,20,53,6.77714794520548
2017,21,53,7.868604566210046
2017,22,53,8.25473385518591
2017,26,53,4.997981604696673
2017,27,53,7.732654620424245
2017,28,53,8.475417351598174
2017,29,53,7.952930410958904
2017,30,53,11.2782
2017,31,53,8.248819178082192
2017,35,53,5.039283105022831
2017,36,53,5.982516952054794
2017,37,53,6.731098238747554
2017,38,53,5.482940410958904
2017,39,53,8.408667318982388
2017,40,53,7.714353424657534
2017,41,53,8.221921689497717
2017,42,53,8.040856621004566
2017,45,53,8.402166438356164
2017,46,53,5.287420547945206
2017,47,53,7.921993542074364
2017,48,53,8.636770547945206
2017,49,53,5.160680626223092
2017,5,53,9.11683698630137
2017,51,53,7.931852837573386
2017,53,53,7.802514160560688
2017,54,53,8.523042922374429
2017,55,53,6.564989589041096
2017,6,53,6.110600412431875
2017,8,53,4.415920547945206
2017,51,530,7.015375342465753
2017,51,540,7.479698173515982
2017,1,55,9.357610684931507
2017,12,55,7.457126128868595
2017,13,55,9.12339497716895
2017,16,55,12.856043616438356
2017,17,55,9.331146803652968
2017,18,55,8.324548249619482
2017,19,55,7.64537602739726
2017,20,55,6.350970091324201
2017,21,55,8.878569863013699
2017,22,55,8.971013571201019
2017,26,55,6.171157191780822
2017,27,55,7.025270136986301
2017,28,55,8.391895890410959
2017,29,55,7.988674885844749
2017,30,55,5.79966301369863
2017,31,55,9.121214576747454
2017,35,55,4.842174885844749
2017,36,55,6.807925727739726
2017,37,55,6.490628919330289
2017,38,55,5.591721917808219
2017,39,55,8.982573124592303
2017,40,55,7.015241095890411
2017,41,55,8.673380821917808
2017,42,55,8.379078335870117
2017,45,55,8.385506118721461
2017,46,55,4.793778082191781
2017,47,55,8.09193698630137
2017,48,55,9.13292294520548
2017,49,55,4.930657534246575
2017,5,55,9.109315677321157
2017,53,55,6.135389726027397
2017,54,55,7.253000171232877
2017,55,55,7.368794794520548
2017,6,55,10.668643219178082
2017,8,55,4.617991780821918
2017,51,550,7.503360507851654
2017,1,57,8.70678794520548
2017,12,57,8.695682371575342
2017,13,57,9.539857323498419
2017,16,57,11.352466536203522
2017,17,57,8.75428698630137
2017,18,57,8.975936143308746
2017,19,57,8.405148692403487
2017,20,57,6.440653228962818
2017,21,57,7.979269863013699
2017,22,57,8.300668254913639
2017,26,57,7.113078356164384
2017,27,57,5.722207045009785
2017,28,57,8.725002739726027
2017,29,57,7.660067123287671
2017,30,57,6.588155251141552
2017,31,57,5.592791780821918
2017,35,57,5.129953424657534
2017,36,57,6.291157191780822
2017,37,57,8.423068493150685
2017,38,57,5.501065753424658
2017,39,57,9.016628101761252
2017,40,57,6.954361643835616
2017,41,57,5.865179794520548
2017,42,57,8.186692237442922
2017,45,57,8.391502739726027
2017,46,57,6.0234
2017,47,57,9.618652602739726
2017,48,57,8.503015890410959
2017,49,57,8.516112328767123
2017,5,57,9.317783561643836
2017,51,57,7.557655707762557
2017,53,57,6.199815433789954
2017,54,57,7.210317416829746
2017,55,57,6.472497064579256
2017,6,57,6.681075342465753
2017,8,57,4.764534246575342
2017,51,570,8.194436712328767
2017,51,580,6.923849315068493
2017,1,59,8.154180821917808
2017,12,59,8.557706164383562
2017,13,59,8.94693799086758
2017,16,59,8.098857534246575
2017,17,59,8.940767123287671
2017,18,59,8.673958630136986
2017,19,59,6.785201095890411
2017,20,59,7.687385753424658
2017,21,59,9.053736748064324
2017,22,59,8.431624657534247
2017,26,59,7.845399315068493
2017,27,59,6.591694863013699
2017,28,59,8.828185518590998
2017,29,59,7.706546118721461
2017,30,59,6.47301095890411
2017,31,59,7.270145205479452
2017,35,59,4.907158904109589
2017,36,59,7.285641832375902
2017,37,59,8.447104109589041
2017,38,59,6.129011506849315
2017,39,59,8.493512328767123
2017,40,59,6.554861643835616
2017,41,59,9.901279634703196
2017,42,59,8.431832267884323
2017,45,59,8.696814987912973
2017,46,59,5.309706849315068
2017,47,59,7.901180821917808
2017,48,59,7.588501369863014
2017,5,59,9.24491976516634
2017,51,59,8.527773271742593
2017,53,59,7.261985205479452
2017,54,59,7.97045362035225
2017,55,59,7.71889072407045
2017,6,59,11.603109640822859
2017,8,59,7.294383085169744
2017,51,590,8.038609589041096
2017,51,595,7.84806301369863
2017,35,6,4.904231311154599
2017,51,600,8.539674520547945
2017,1,61,8.798338812785388
2017,12,61,7.334009497716895
2017,13,61,9.505665753424658
2017,16,61,10.174510502283105
2017,17,61,8.714876712328767
2017,18,61,8.76448904109589
2017,19,61,7.696219704952582
2017,20,61,8.067431164383562
2017,21,61,8.387910273972603
2017,22,61,9.213785205479452
2017,26,61,5.167534794520548
2017,27,61,5.144805230386052
2017,28,61,9.017206849315068
2017,29,61,7.83763698630137
2017,30,61,11.976232876712329
2017,31,61,6.393469863013699
2017,35,61,5.72734596651446
2017,36,61,8.580965334855403
2017,37,61,7.66894296388543
2017,38,61,5.309781735159817
2017,39,61,9.672112254720474
2017,40,61,9.090282876712329
2017,41,61,7.732964383561644
2017,42,61,8.436476712328767
2017,45,61,8.321594520547945
2017,46,61,5.844490410958904
2017,47,61,7.943519178082192
2017,48,61,9.434818063077413
2017,5,61,9.18347397260274
2017,51,61,7.678559226430298
2017,53,61,7.354103726027397
2017,54,61,8.115777397260274
2017,55,61,6.052694520547945
2017,6,61,8.017886575342466
2017,8,61,5.536419178082192
2017,51,610,8.715186301369863
2017,51,620,7.448690410958904
2017,1,63,8.940402739726027
2017,12,63,8.780819676214197
2017,13,63,9.69003605479452
2017,16,63,7.03125205479452
2017,17,63,8.566940821917808
2017,18,63,9.012608610567515
2017,19,63,6.911893835616438
2017,20,63,5.561013698630137
2017,21,63,7.832879452054794
2017,22,63,9.068164705882353
2017,26,63,6.969947716894977
2017,27,63,6.588154109589041
2017,28,63,8.281724657534247
2017,29,63,8.057165753424658
2017,30,63,12.864981917808219
2017,31,63,5.836230136986301
2017,36,63,8.120709948349427
2017,37,63,8.898306164383562
2017,38,63,6.436991780821918
2017,39,63,8.572533403582719
2017,40,63,8.768859726027397
2017,41,63,7.755634703196347
2017,42,63,9.730402620607504
2017,45,63,8.746069418733802
2017,46,63,5.481884931506849
2017,47,63,9.653520776255708
2017,48,63,9.186872146118722
2017,5,63,8.935003424657534
2017,51,63,7.033465753424658
2017,53,63,12.000635955642531
2017,54,63,7.094920547945206
2017,55,63,6.987422246575342
2017,6,63,8.047557338551859
2017,8,63,5.448133333333333
2017,51,630,7.972427397260274
2017,51,640,7.170372602739726
2017,1,65,8.951662100456621
2017,12,65,8.867050228310502
2017,13,65,8.15431095890411
2017,16,65,6.607982648401826
2017,17,65,9.038898630136986
2017,18,65,8.405368177028451
2017,19,65,7.497495107632094
2017,20,65,5.692971232876712
2017,21,65,8.090391780821918
2017,22,65,8.420282191780822
2017,26,65,7.744731371554203
2017,27,65,5.908706849315068
2017,28,65,8.741931506849315
2017,29,65,7.910969178082192
2017,30,65,6.240953424657534
2017,31,65,5.989353424657534
2017,36,65,6.068296149574232
2017,37,65,7.83429843444227
2017,38,65,5.89166301369863
2017,39,65,8.563359686888454
2017,40,65,7.293270890410959
2017,41,65,8.464135273972603
2017,42,65,8.707239409905163
2017,45,65,8.811791780821918
2017,46,65,4.466341095890411
2017,47,65,9.142442332108253
2017,48,65,6.495909589041096
2017,5,65,8.738086301369863
2017,51,65,7.495291780821918
2017,53,65,9.69779497716895
2017,54,65,7.852487671232877
2017,55,65,7.40821095890411
2017,6,65,10.179059705464332
2017,8,65,4.038591780821918
2017,51,650,7.558611925866237
2017,51,660,7.368769863013699
2017,1,67,9.332228310502283
2017,12,67,7.800545205479452
2017,13,67,9.945818675799087
2017,16,67,7.555889863013699
2017,17,67,8.497308023483366
2017,18,67,8.68070397260274
2017,19,67,7.514920547945206
2017,20,67,6.42871095890411
2017,21,67,8.901076578683595
2017,22,67,8.708449657534247
2017,26,67,7.497671654373024
2017,27,67,6.251132876712329
2017,28,67,9.131683757338552
2017,29,67,8.041978082191781
2017,30,67,5.352464840182648
2017,31,67,7.87508023483366
2017,36,67,6.124978395303327
2017,37,67,8.325385653262631
2017,38,67,6.756411506849315
2017,39,67,8.50804602739726
2017,40,67,7.907435616438356
2017,41,67,9.186534299262382
2017,42,67,8.586597808219178
2017,45,67,7.894260616438356
2017,46,67,5.918561643835616
2017,47,67,8.391431506849315
2017,48,67,9.187479060665362
2017,5,67,8.87138794520548
2017,51,67,7.316130410958904
2017,53,67,7.01560184512161
2017,54,67,7.156728767123288
2017,55,67,5.345283105022831
2017,6,67,10.016664336026965
2017,8,67,5.177978356164384
2017,51,670,8.137590215264188
2017,51,678,6.987123287671233
2017,51,680,7.570484643114636
2017,51,683,8.22625831702544
2017,51,685,8.285509589041096
2017,1,69,9.141235491905355
2017,12,69,8.221257876712329
2017,13,69,8.76300304414003
2017,16,69,10.717681643835616
2017,17,69,8.89476301369863
2017,18,69,8.501390867579909
2017,19,69,7.621264840182648
2017,20,69,6.341427397260274
2017,21,69,8.124055479452055
2017,22,69,9.167205479452055
2017,26,69,6.337107153729072
2017,27,69,6.686371232876712
2017,28,69,9.06896301369863
2017,29,69,8.962065479452055
2017,30,69,6.077117808219178
2017,31,69,5.362706849315068
2017,36,69,6.37367802739726
2017,37,69,8.364446575342466
2017,38,69,5.977684931506849
2017,39,69,8.470203522504892
2017,40,69,8.568786301369863
2017,41,69,7.170060273972603
2017,42,69,8.190942047829115
2017,45,69,8.074492759295499
2017,46,69,5.003109589041096
2017,47,69,7.96461095890411
2017,48,69,6.829507762557078
2017,5,69,9.045638127853881
2017,51,69,7.691009001956947
2017,53,69,5.994235616438356
2017,54,69,8.614132876712329
2017,55,69,5.444861917808219
2017,6,69,6.160616189290162
2017,8,69,6.835371251641959
2017,51,690,7.650458082191781
2017,1,7,9.356166438356164
2017,12,7,7.817040410958904
2017,13,7,9.811309589041096
2017,16,7,6.642720547945206
2017,17,7,8.304626614481409
2017,18,7,8.374417351598174
2017,19,7,7.655358904109589
2017,20,7,6.912550684931507
2017,21,7,9.075918721461187
2017,22,7,8.591433789954338
2017,23,7,5.980458447488584
2017,25,7,5.564667123287671
2017,26,7,6.325672754946728
2017,27,7,6.239078630136986
2017,28,7,8.825750228310502
2017,29,7,8.393124853228963
2017,30,7,7.596616438356164
2017,31,7,5.202632876712329
2017,32,7,5.277608219178082
2017,33,7,5.503007471980075
2017,34,7,8.941499191025779
2017,35,7,4.652759817351598
2017,36,7,6.874649464508095
2017,37,7,7.842572602739726
2017,38,7,4.981915068493151
2017,39,7,8.512285698630137
2017,4,7,5.544303082191781
2017,40,7,6.315843835616438
2017,41,7,5.768406849315068
2017,42,7,9.928893580445877
2017,44,7,6.44473494607986
2017,45,7,8.860347453459782
2017,46,7,4.838290410958904
2017,47,7,7.91467397260274
2017,48,7,8.508468493150685
2017,49,7,5.571179178082192
2017,5,7,8.985782387475538
2017,50,7,5.330190215264188
2017,51,7,7.711743835616438
2017,53,7,8.68279373776908
2017,54,7,7.414164383561644
2017,55,7,4.864063561643836
2017,56,7,4.516788493150685
2017,6,7,8.660100940102068
2017,8,7,4.843619863013699
2017,9,7,6.25678698630137
2017,51,700,7.59660803237858
2017,1,71,8.513426400996264
2017,12,71,7.69827587060571
2017,13,71,9.511245205479452
2017,16,71,7.073106849315068
2017,17,71,8.413195433789954
2017,18,71,7.977079726027397
2017,19,71,8.271993607305936
2017,20,71,5.751246575342466
2017,21,71,7.984805753424658
2017,22,71,8.706349709774785
2017,26,71,5.078097534246575
2017,27,71,5.106979452054794
2017,28,71,8.586317808219178
2017,29,71,8.242354875100725
2017,30,71,5.784739726027397
2017,31,71,5.962893150684932
2017,36,71,7.040498942257673
2017,37,71,9.068775637513172
2017,38,71,6.410958904109589
2017,39,71,8.332388736681887
2017,40,71,8.064530510585305
2017,41,71,8.199480096696213
2017,42,71,10.115190159351412
2017,45,71,8.578266780821918
2017,46,71,4.665443835616438
2017,47,71,7.886127853881278
2017,48,71,8.694802739726027
2017,5,71,8.710523744292237
2017,51,71,7.17882602739726
2017,53,71,9.783837214611872
2017,54,71,6.542910502283105
2017,55,71,6.19689805335256
2017,6,71,10.917829728626053
2017,8,71,4.643084931506849
2017,51,710,7.625871943176053
2017,51,720,7.559120547945206
2017,1,73,10.28329052861585
2017,12,73,9.207607655116841
2017,13,73,9.493937808219178
2017,16,73,7.363545205479452
2017,17,73,8.573137407797682
2017,18,73,8.272190068493151
2017,19,73,7.658913698630137
2017,20,73,8.084998173515982
2017,21,73,8.643551930261519
2017,22,73,8.977031164383562
2017,26,73,6.833632876712329
2017,27,73,6.070749771689498
2017,28,73,8.772710273972603
2017,29,73,8.026985205479452
2017,30,73,7.536715068493151
2017,31,73,6.126043835616438
2017,36,73,7.035320821917808
2017,37,73,7.216588127853881
2017,38,73,6.547162557077626
2017,39,73,8.187886497064579
2017,40,73,8.049995205479452
2017,42,73,10.089382778864971
2017,45,73,8.070436712328767
2017,46,73,5.44267397260274
2017,47,73,8.28354794520548
2017,48,73,9.081628082191781
2017,5,73,9.228565753424658
2017,51,73,7.403327739726027
2017,53,73,6.560144883158743
2017,54,73,8.388695890410959
2017,55,73,6.016978183663115
2017,6,73,9.307728303947915
2017,8,73,5.420035616438356
2017,51,730,8.095923785803238
2017,51,735,7.442724200913242
2017,51,740,7.637223243482103
2017,1,75,8.697960730593607
2017,12,75,7.649139117199391
2017,13,75,9.110757534246575
2017,16,75,9.369711643835616
2017,17,75,8.349050532724505
2017,18,75,8.62853072407045
2017,19,75,7.761928082191781
2017,20,75,5.933402739726027
2017,21,75,8.543064383561644
2017,22,75,7.62780700152207
2017,26,75,7.789451045421774
2017,27,75,4.380136073059361
2017,28,75,9.282550252343187
2017,29,75,7.948920547945206
2017,30,75,7.410383561643836
2017,31,75,5.270953424657534
2017,36,75,6.043299385923477
2017,37,75,7.186944292237443
2017,38,75,5.550241095890411
2017,39,75,8.627789383561644
2017,40,75,7.215398173515982
2017,42,75,10.062562704374724
2017,45,75,8.375860273972603
2017,46,75,4.557024657534247
2017,47,75,7.96945799086758
2017,48,75,6.903915068493151
2017,5,75,9.084632420091324
2017,51,75,7.772189589041096
2017,53,75,10.711887123287671
2017,54,75,6.477987671232877
2017,55,75,5.637622831050228
2017,6,75,10.183956499860218
2017,8,75,5.64475799086758
2017,51,750,7.271820091324201
2017,51,760,8.427021544209215
2017,1,77,8.279526151930262
2017,12,77,8.273138356164384
2017,13,77,9.468759863013699
2017,16,77,7.197565753424658
2017,17,77,9.396241291585127
2017,18,77,8.26214168297456
2017,19,77,7.638580821917808
2017,20,77,7.351530593607306
2017,21,77,8.524097260273973
2017,22,77,8.665832876712329
2017,26,77,7.912931458783946
2017,27,77,5.773995890410959
2017,28,77,8.648551598173516
2017,29,77,8.442693415819708
2017,30,77,10.416741095890411
2017,31,77,6.464057534246575
2017,36,77,6.093929250604351
2017,37,77,8.482962276080084
2017,38,77,6.613293607305936
2017,39,77,8.395869968387777
2017,40,77,8.764360730593607
2017,42,77,9.354306020187455
2017,45,77,8.475809784735812
2017,46,77,5.769746575342466
2017,47,77,7.747960273972603
2017,48,77,7.818559817351598
2017,5,77,8.449549315068493
2017,51,77,7.013411506849315
2017,53,77,11.140517503805175
2017,54,77,7.443218835616438
2017,55,77,6.339994520547945
2017,6,77,11.813952498275352
2017,8,77,5.445323571091167
2017,51,770,7.294306730196546
2017,51,775,7.242880547945206
2017,55,78,5.580201369863014
2017,1,79,8.536090410958904
2017,12,79,8.322470136986301
2017,13,79,9.494751598173516
2017,16,79,12.267502283105023
2017,17,79,9.081333333333333
2017,18,79,8.068259817351598
2017,19,79,7.772853150684932
2017,20,79,7.6331899543379
2017,21,79,8.370084246575342
2017,22,79,8.764422249896222
2017,26,79,6.047787397260274
2017,27,79,7.101674429223744
2017,28,79,9.04762904109589
2017,29,79,7.778883561643836
2017,30,79,5.941153424657534
2017,31,79,7.113345401174168
2017,36,79,6.845167123287671
2017,37,79,7.864153424657534
2017,38,79,6.131680821917808
2017,39,79,8.234733072407045
2017,40,79,9.091947488584475
2017,42,79,8.383099736564805
2017,45,79,8.867412436509158
2017,46,79,5.712011872146119
2017,47,79,8.132248097412481
2017,48,79,6.813361643835616
2017,5,79,8.645009589041096
2017,51,79,7.241233789954338
2017,54,79,8.639532876712329
2017,55,79,7.536548277293483
2017,6,79,7.200359627810804
2017,8,79,4.426183561643836
2017,51,790,7.190231506849315
2017,51,800,7.468604500978474
2017,1,81,10.077454287163876
2017,12,81,8.048506252195293
2017,13,81,9.283183105022831
2017,16,81,5.250632876712329
2017,17,81,9.190502366127024
2017,18,81,8.660372727272727
2017,19,81,7.366506849315068
2017,20,81,6.57141095890411
2017,21,81,8.45169794520548
2017,22,81,9.729909589041096
2017,26,81,8.074200256849315
2017,27,81,5.622372602739726
2017,28,81,9.276667772170151
2017,29,81,7.798927853881278
2017,30,81,12.719524657534247
2017,31,81,7.229199086757991
2017,36,81,8.043748207301841
2017,37,81,8.299458386094164
2017,38,81,6.466432876712329
2017,39,81,8.882227754615843
2017,40,81,8.461742465753425
2017,42,81,8.427990836088805
2017,45,81,8.616511780821918
2017,46,81,5.949759452054794
2017,47,81,7.761280821917808
2017,48,81,7.467543835616438
2017,5,81,9.352580136986301
2017,51,81,7.833486757990868
2017,54,81,7.529581305398872
2017,55,81,6.623017656012177
2017,6,81,9.414534680076296
2017,8,81,5.525335616438356
2017,51,810,7.356969420229694
2017,51,820,7.259978082191781
2017,1,83,8.689127226027397
2017,12,83,7.954140160904544
2017,13,83,8.788266438356164
2017,16,83,7.397353228962818
2017,17,83,8.956817351598174
2017,18,83,8.907740547945206
2017,19,83,7.756548401826484
2017,20,83,6.073654794520548
2017,21,83,8.700441400304414
2017,22,83,8.428902739726027
2017,26,83,5.072772602739726
2017,27,83,5.719447749510763
2017,28,83,8.501692123287671
2017,29,83,7.36661598173516
2017,30,83,5.687962328767123
2017,31,83,6.232983561643836
2017,36,83,6.659133007175473
2017,37,83,7.826331278538813
2017,38,83,5.798035616438356
2017,39,83,8.46857602739726
2017,40,83,8.381642123287671
2017,42,83,7.164881735159817
2017,45,83,9.034065197538217
2017,46,83,6.331227895392279
2017,47,83,8.004019178082192
2017,48,83,7.67645205479452
2017,5,83,8.876940639269406
2017,51,83,7.925293150684932
2017,54,83,6.741843835616438
2017,55,83,5.740736712328767
2017,6,83,9.140198583961828
2017,8,83,5.052886105675147
2017,51,830,7.579364383561644
2017,51,840,7.810311780821918
2017,1,85,9.131308904109589
2017,12,85,7.507842348336595
2017,13,85,8.457963470319635
2017,16,85,7.513587214611872
2017,17,85,7.683530136986301
2017,18,85,8.359413410237924
2017,19,85,8.003500273972603
2017,20,85,8.391374429223744
2017,21,85,8.425865362035225
2017,22,85,9.002247358121331
2017,26,85,6.123632876712329
2017,27,85,6.459445401174168
2017,28,85,8.570849771689498
2017,29,85,7.533128767123288
2017,30,85,5.752867579908676
2017,31,85,5.703909589041096
2017,36,85,8.717776850571824
2017,37,85,8.526466463723998
2017,38,85,5.513704109589041
2017,39,85,8.779363202645253
2017,40,85,8.455195433789954
2017,42,85,9.92193296803653
2017,45,85,8.55062358546754
2017,46,85,4.77977397260274
2017,47,85,7.891284931506849
2017,48,85,9.579291870944484
2017,5,85,9.209022602739726
2017,51,85,8.131077665276951
2017,54,85,8.148600913242009
2017,55,85,5.186694520547945
2017,6,85,8.834523287671233
2017,8,85,4.804678356164384
2017,12,86,8.079957476067065
2017,1,87,9.892936073059361
2017,12,87,7.194093607305936
2017,13,87,9.802234442270059
2017,16,87,8.133444748858448
2017,17,87,9.137260273972603
2017,18,87,8.191142123287671
2017,19,87,8.180300273972603
2017,20,87,8.304220547945206
2017,21,87,8.311177397260274
2017,22,87,8.376646575342466
2017,26,87,7.72395901826484
2017,27,87,6.036653424657534
2017,28,87,9.352856164383562
2017,29,87,8.36116803652968
2017,30,87,6.87915205479452
2017,31,87,5.736008219178082
2017,36,87,7.524025795574289
2017,37,87,7.087218321917808
2017,38,87,5.174372602739726
2017,39,87,8.470951198630137
2017,40,87,8.283529680365297
2017,42,87,8.516417351598174
2017,45,87,8.580546118721461
2017,46,87,5.867387671232877
2017,47,87,7.85487397260274
2017,48,87,6.694783561643836
2017,5,87,8.054008904109589
2017,51,87,8.309689511986301
2017,54,87,8.053716438356164
2017,55,87,6.375227876712329
2017,6,87,6.932101844046365
2017,8,87,6.27758904109589
2017,1,89,8.838731544379809
2017,12,89,7.920934931506849
2017,13,89,9.883325630609353
2017,17,89,9.145856598730371
2017,18,89,8.918950169769348
2017,19,89,7.299203652968036
2017,20,89,6.79426301369863
2017,21,89,8.259497716894977
2017,22,89,8.780998103266596
2017,26,89,5.987848858447489
2017,27,89,6.582634931506849
2017,28,89,9.57066614481409
2017,29,89,7.953582648401826
2017,30,89,11.629343378995434
2017,31,89,5.84536095890411
2017,36,89,6.438524266144814
2017,37,89,7.52640162354135
2017,38,89,5.346511643835616
2017,39,89,8.788394006849315
2017,40,89,9.009303082191781
2017,42,89,7.977179078455791
2017,45,89,8.06986799501868
2017,46,89,5.76341095890411
2017,47,89,9.509646575342466
2017,48,89,8.714921643835616
2017,5,89,8.346213698630137
2017,51,89,7.574014872798434
2017,54,89,7.239391780821918
2017,55,89,6.809240639269406
2017,6,89,7.828870205479452
2017,8,89,5.36579843444227
2017,1,9,9.342901674277017
2017,12,9,7.387601600193963
2017,13,9,9.28846301369863
2017,16,9,11.910594520547945
2017,17,9,8.500378082191781
2017,18,9,8.520432191780822
2017,19,9,7.721237442922374
2017,20,9,6.550244178082192
2017,21,9,8.328494794520548
2017,22,9,8.411388736681887
2017,23,9,4.857348751007252
2017,24,9,7.912572146118722
2017,25,9,5.791027397260274
2017,26,9,6.094644618395303
2017,27,9,6.388097716894977
2017,28,9,8.36581095890411
2017,29,9,8.172659099804305
2017,30,9,5.642881095890411
2017,31,9,5.576183561643836
2017,32,9,4.916517808219178
2017,33,9,5.518225522710887
2017,34,9,7.20566720890411
2017,35,9,6.408870091324201
2017,36,9,6.879506196999348
2017,37,9,6.924704109589041
2017,38,9,5.892003652968036
2017,39,9,8.238455159817352
2017,4,9,6.073933637747336
2017,40,9,6.902415068493151
2017,41,9,7.248526301369863
2017,42,9,8.369198754669988
2017,44,9,5.410441095890411
2017,45,9,8.367043150684932
2017,46,9,6.076534246575342
2017,47,9,8.282617906066536
2017,48,9,7.630245662100457
2017,49,9,5.365720547945206
2017,5,9,8.143224266144814
2017,50,9,5.459827397260274
2017,51,9,7.401786605783866
2017,53,9,4.934881148075669
2017,54,9,8.908283105022831
2017,55,9,6.341775291730086
2017,56,9,5.001506849315068
2017,6,9,9.150361917808219
2017,8,9,5.301875342465753
2017,9,9,6.547115619337537
2017,1,91,8.970655707762557
2017,12,91,8.158884062813231
2017,13,91,9.099731506849315
2017,17,91,8.499173452999528
2017,18,91,7.941960665362035
2017,19,91,7.466000684931507
2017,20,91,7.877961938883035
2017,21,91,8.815294063926941
2017,22,91,8.391221917808219
2017,26,91,8.084297677188803
2017,27,91,6.883689497716895
2017,28,91,8.584261643835616
2017,29,91,8.351121232876712
2017,30,91,5.699964383561644
2017,31,91,5.349578082191781
2017,36,91,6.629696657534247
2017,37,91,7.403925479452055
2017,38,91,6.531353424657534
2017,39,91,8.616942216687422
2017,40,91,9.008729223744292
2017,42,91,9.492363500616763
2017,45,91,8.966653067301966
2017,46,91,6.270446575342466
2017,47,91,6.968692602739726
2017,48,91,9.209733447488584
2017,5,91,9.417540867579909
2017,51,91,6.474635616438356
2017,54,91,7.74883698630137
2017,55,91,6.87788904109589
2017,6,91,6.729912328767123
2017,8,91,4.532715068493151
2017,1,93,8.328964383561644
2017,12,93,7.334187899543379
2017,13,93,9.426306849315068
2017,17,93,9.027612328767123
2017,18,93,8.003377808219178
2017,19,93,7.428340639269406
2017,20,93,6.188271232876712
2017,21,93,8.722571731008717
2017,22,93,8.863517416829746
2017,26,93,7.965246530428924
2017,27,93,6.279412785388128
2017,28,93,8.451263926940639
2017,29,93,8.201140410958904
2017,30,93,10.490578082191781
2017,31,93,6.732790410958904
2017,36,93,6.751928703408729
2017,37,93,8.226278538812785
2017,38,93,6.315525570776256
2017,39,93,8.724343629198724
2017,40,93,7.326898630136986
2017,42,93,9.019961643835616
2017,46,93,5.928782465753425
2017,47,93,8.974749045988258
2017,48,93,7.987132876712329
2017,5,93,8.595622374429224
2017,51,93,7.494619178082192
2017,54,93,6.821022831050228
2017,55,93,6.942162328767123
2017,6,93,7.82166927592955
2017,8,93,4.286804931506849
2017,1,95,9.019670319634703
2017,12,95,8.656072238766462
2017,13,95,9.81903033992897
2017,17,95,8.62024845890411
2017,18,95,8.607882932247316
2017,19,95,7.877422602739726
2017,20,95,7.098359817351598
2017,21,95,7.764538231631382
2017,22,95,8.845615442092154
2017,26,95,5.760272146118722
2017,27,95,5.989976516634051
2017,28,95,9.10256499238965
2017,29,95,8.416476216699938
2017,30,95,5.762764383561644
2017,31,95,7.585920547945206
2017,36,95,6.02753595890411
2017,37,95,6.602301369863014
2017,38,95,6.311635616438356
2017,39,95,8.692515607809298
2017,40,95,8.743417123287671
2017,42,95,9.226002699435939
2017,46,95,4.638353424657534
2017,47,95,8.424771232876712
2017,48,95,7.654906849315068
2017,5,95,8.463542465753425
2017,51,95,7.57292403486924
2017,54,95,8.247400913242009
2017,55,95,6.290428767123288
2017,6,95,10.769295947488584
2017,8,95,5.635939726027397
2017,1,97,8.931512160538332
2017,12,97,8.672989976612095
2017,13,97,9.614608082191781
2017,17,97,8.432806303160534
2017,18,97,9.248657155088063
2017,19,97,7.816497716894977
2017,20,97,6.508394520547945
2017,21,97,8.413518356164384
2017,22,97,8.580303965392934
2017,26,97,5.993038904109589
2017,27,97,5.961988356164384
2017,28,97,8.590515068493151
2017,29,97,8.566269115815691
2017,30,97,5.753920547945206
2017,31,97,8.117749315068493
2017,36,97,6.161455342465753
2017,37,97,8.783092777085928
2017,38,97,6.805518493150685
2017,39,97,8.662947716894977
2017,40,97,9.065359512937595
2017,42,97,9.027141666666667
2017,46,97,5.749969863013699
2017,47,97,8.111310502283105
2017,48,97,8.714646917808219
2017,5,97,8.631468493150685
2017,51,97,7.562893150684932
2017,54,97,7.254029680365297
2017,55,97,6.189974755381605
2017,6,97,9.441152096305521
2017,8,97,4.20102397260274
2017,1,99,8.81225675146771
2017,12,99,7.655169326450144
2017,13,99,9.462585753424658
2017,17,99,8.556109980430528
2017,18,99,8.177443607305936
2017,19,99,7.80044505327245
2017,20,99,8.23936095890411
2017,21,99,8.373583561643836
2017,22,99,8.703095392278954
2017,26,99,9.159204604261796
2017,27,99,7.315866500622665
2017,28,99,9.287823483365949
2017,29,99,8.543645205479452
2017,30,99,7.314144292237443
2017,31,99,6.624860273972603
2017,36,99,6.314919452054794
2017,37,99,7.074454794520548
2017,38,99,6.724282191780822
2017,39,99,9.86149060665362
2017,40,99,8.415478538812785
2017,42,99,8.77469698630137
2017,46,99,6.205552641878669
2017,47,99,7.822419178082192
2017,48,99,8.692469935111752
2017,5,99,9.240875799086758
2017,51,99,7.86949205479452
2017,54,99,8.417613698630137
2017,55,99,5.200738356164384
2017,6,99,12.429667385601865
2017,8,99,5.608454246575342
